filename,asin,quantity
00001.jpg,B000C33MI2,4
00001.jpg,B0050Z27KG,2
00001.jpg,B01BV89HNU,6
00002.jpg,0307981584,13
00002.jpg,B000052XHI,2
00002.jpg,B00GHT7T16,2
00003.jpg,0307981584,13
00003.jpg,B000052XHI,2
00003.jpg,B00GHT7T16,1
00004.jpg,B003E72M1G,3
00004.jpg,B00CLCIQDI,1
00004.jpg,B00H47IY4G,1
00005.jpg,B003E72M1G,3
00005.jpg,B00H47IY4G,1
00006.jpg,B00NFZYM5Q,1
00006.jpg,B01D8030L4,4
00007.jpg,B01D8030L4,4
00008.jpg,B002UC6P6E,1
00008.jpg,B017TQ9IWS,18
00009.jpg,B015TC63LI,1
00010.jpg,B00ZS4HK0Q,3
00010.jpg,B015TC63LI,1
00011.jpg,B00CXACR1U,2
00011.jpg,B00NO56G4M,1
00011.jpg,B012C8GJBG,1
00011.jpg,B01ATYIK7G,3
00012.jpg,B0041BT21M,1
00012.jpg,B0087Y5ONE,2
00012.jpg,B00V1VSTAA,5
00014.jpg,B0123H9HME,1
00015.jpg,B0033UNIQC,14
00015.jpg,B00E9J3MLM,1
00016.jpg,B0033UNIQC,11
00016.jpg,B00E9J3MLM,1
00017.jpg,B0033UNIQC,9
00017.jpg,B00E9J3MLM,1
00018.jpg,0078035198,1
00018.jpg,0736433937,1
00018.jpg,B006SA39OU,1
00018.jpg,B00KVP76G0,1
00018.jpg,B00YHF3W90,1
00019.jpg,0062110500,1
00019.jpg,0590452665,1
00019.jpg,B0040JHNAW,3
00020.jpg,B00JD5453G,12
00020.jpg,B00O35DRI0,1
00020.jpg,B014ED82A8,1
00021.jpg,B00JD5453G,12
00021.jpg,B00O35DRI0,1
00021.jpg,B00T63MY1U,1
00021.jpg,B014ED82A8,1
00022.jpg,B001F2GDO4,1
00022.jpg,B00JPVZ2IA,2
00022.jpg,B00WW4FD3Q,1
00022.jpg,B01GMVAN4S,1
00023.jpg,B00JPVZ2IA,2
00023.jpg,B00WW4FD3Q,1
00023.jpg,B00ZQ9A3L6,1
00023.jpg,B0163KOK42,1
00023.jpg,B01GMVAN4S,1
00024.jpg,B019GAUUAE,1
00025.jpg,B003JNZWIU,1
00025.jpg,B019GAUUAE,1
00026.jpg,B000BN9CRI,1
00026.jpg,B001E75QH0,5
00027.jpg,B000BN9CRI,1
00027.jpg,B001E75QH0,5
00027.jpg,B004S6RKSW,3
00028.jpg,0205902278,1
00028.jpg,082235666X,1
00028.jpg,178076829X,1
00028.jpg,B00HPZDLUE,1
00028.jpg,B01BVJES3S,1
00029.jpg,082235666X,1
00029.jpg,178076829X,1
00029.jpg,B00HPZDLUE,1
00030.jpg,0142000663,1
00030.jpg,1416939210,1
00030.jpg,B000F49LU6,2
00030.jpg,B008JFUO72,1
00030.jpg,B009S0VGUG,1
00031.jpg,1416939210,1
00031.jpg,B000F49LU6,2
00032.jpg,B000J09TBC,1
00032.jpg,B00451SGZ6,2
00032.jpg,B00KTZIW3S,2
00032.jpg,B00Z0RLYDK,1
00033.jpg,B00451SGZ6,2
00033.jpg,B00KTZIW3S,2
00033.jpg,B00Z0RLYDK,1
00034.jpg,B01C84PUYQ,2
00035.jpg,B001DNOV7G,1
00036.jpg,B001DNOV7G,1
00036.jpg,B00VSZS9KY,1
00037.jpg,B00F908YU4,1
00037.jpg,B00FMHPX62,1
00037.jpg,B016CMFESW,1
00038.jpg,B00F908YU4,1
00038.jpg,B00FMHPX62,1
00039.jpg,B002SPRFZS,1
00039.jpg,B01AS6O8YO,1
00039.jpg,B01CPKVDR6,1
00041.jpg,B01HNO635G,6
00042.jpg,B00NF5EQK2,1
00042.jpg,B01FVK4NHY,2
00043.jpg,B004E6QLD6,1
00043.jpg,B00EB7Z6SY,1
00043.jpg,B00G9WHN12,1
00043.jpg,B00OZO3XLK,1
00043.jpg,B0177KQ806,1
00043.jpg,B01BCZ856C,6
00044.jpg,B000OSZA58,1
00044.jpg,B002EAPHKM,1
00044.jpg,B0030OVB6A,2
00044.jpg,B00365E1NS,2
00045.jpg,B019775SYE,2
00045.jpg,B01DDF6WWS,1
00046.jpg,B019775SYE,1
00046.jpg,B01DDF6WWS,1
00048.jpg,B003TS8CS2,1
00049.jpg,B00KGVCJX4,2
00050.jpg,0590450875,1
00050.jpg,0836217357,1
00050.jpg,B0052AIJT2,1
00050.jpg,B01AWAGTU2,1
00051.jpg,0590450875,1
00051.jpg,0836217357,1
00051.jpg,B0052AIJT2,1
00051.jpg,B019ZSNWKW,1
00051.jpg,B01AWAGTU2,1
00052.jpg,075660561X,2
00052.jpg,0756643007,4
00052.jpg,0756658845,1
00052.jpg,1423472721,1
00052.jpg,B00M19N0KA,3
00053.jpg,075660561X,2
00053.jpg,0756658845,1
00053.jpg,1423472721,1
00053.jpg,B00M19N0KA,3
00054.jpg,B00801CRIO,1
00054.jpg,B00HMDSL68,1
00055.jpg,B00801CRIO,1
00055.jpg,B009IFIETM,2
00055.jpg,B00HMDSL68,1
00056.jpg,B00K5NEMJM,1
00056.jpg,B01AQGMRI0,1
00057.jpg,0985455470,1
00057.jpg,B00K5NEMJM,1
00057.jpg,B01AQGMRI0,1
00058.jpg,B003EMKNK8,2
00058.jpg,B00TL6TX9I,2
00058.jpg,B010N2EYSI,1
00059.jpg,B003EMKNK8,2
00059.jpg,B00TL6TX9I,2
00060.jpg,B00H0BKJ3A,1
00060.jpg,B012QXE6XU,1
00060.jpg,B01BSZDXTU,1
00061.jpg,B00004S9AI,1
00061.jpg,B00H0BKJ3A,1
00061.jpg,B012QXE6XU,1
00061.jpg,B01BSZDXTU,1
00062.jpg,B01711D3PO,1
00062.jpg,B019JPKOCU,1
00062.jpg,B01D2NII6Y,1
00063.jpg,B01711D3PO,1
00063.jpg,B019JPKOCU,1
00064.jpg,1423101502,4
00064.jpg,B014LQE4UU,1
00065.jpg,1423101502,3
00065.jpg,B014LQE4UU,1
00066.jpg,B0064LIWVS,2
00066.jpg,B00DD3KURO,2
00066.jpg,B00IYQRYKQ,1
00066.jpg,B00XPKI572,1
00067.jpg,B0064LIWVS,2
00067.jpg,B00DD3KURO,2
00067.jpg,B00XPKI572,1
00068.jpg,B01EDULNAS,3
00069.jpg,B0012KH08M,1
00069.jpg,B01EDULNAS,3
00070.jpg,B0006TU5BE,1
00070.jpg,B00IUNVTRW,1
00070.jpg,B00JDQK10G,7
00071.jpg,B00IUNVTRW,1
00071.jpg,B00JDQK10G,7
00072.jpg,B01DTZKNR2,4
00073.jpg,1484725794,2
00073.jpg,1596951141,1
00073.jpg,B000MTI10K,1
00073.jpg,B00C9Y8V42,1
00073.jpg,B00HSE4WJG,3
00074.jpg,1484725794,2
00074.jpg,1596951141,1
00074.jpg,B000MTI10K,1
00074.jpg,B00C9Y8V42,1
00074.jpg,B00HSE4WJG,2
00075.jpg,0545119367,3
00075.jpg,B0007L1VLO,2
00076.jpg,B01D45EGU2,1
00076.jpg,B01G8KCJQS,3
00077.jpg,B00E67MTX4,2
00077.jpg,B016Y8MGIU,1
00078.jpg,B007Q2KZU0,1
00078.jpg,B00LSDZI9G,1
00079.jpg,B0073E3Q7A,7
00079.jpg,B00PAXDQVM,1
00080.jpg,B0073E3Q7A,7
00080.jpg,B00ATZJ5YS,1
00080.jpg,B00N6U92AA,1
00080.jpg,B00PAXDQVM,1
00081.jpg,B0073E3Q7A,7
00081.jpg,B00ATZJ5YS,1
00081.jpg,B00PAXDQVM,1
00082.jpg,B0002VAMNW,2
00082.jpg,B001HNK2CK,1
00082.jpg,B019FHNCA8,1
00083.jpg,B0002VAMNW,1
00083.jpg,B001HNK2CK,1
00083.jpg,B019FHNCA8,1
00084.jpg,B00SV2OP9Q,1
00085.jpg,B0030ZEGDY,2
00085.jpg,B00SV2OP9Q,1
00086.jpg,B00SV2OP9Q,1
00087.jpg,B004P8K24W,4
00088.jpg,B004P8K24W,1
00090.jpg,0316311464,1
00090.jpg,B0000CF8YO,2
00090.jpg,B00IG2SJBQ,1
00090.jpg,B00LX12HUG,1
00090.jpg,B0186HHG8W,1
00091.jpg,0385351232,1
00091.jpg,0399169458,1
00091.jpg,128509655X,1
00091.jpg,1476779023,1
00091.jpg,B007CDGT30,1
00092.jpg,B0150XXIDW,3
00092.jpg,B01BNVDTYS,3
00093.jpg,B001MKR4Y2,1
00093.jpg,B00BZBQ0ZW,1
00093.jpg,B01ESRWRUG,5
00094.jpg,B001MKR4Y2,1
00094.jpg,B01ESRWRUG,5
00095.jpg,B001MKR4Y2,1
00095.jpg,B01ESRWRUG,4
00096.jpg,B001IU6LLS,1
00096.jpg,B009B9ASZ8,1
00096.jpg,B00DVCZ982,2
00096.jpg,B00WABJM60,1
00096.jpg,B019DOFUVM,1
00097.jpg,B00WDZ1900,1
00097.jpg,B017EA5ST6,3
00098.jpg,B00597CQHE,1
00098.jpg,B00A7TIW5O,1
00098.jpg,B01FVPOWD4,1
00099.jpg,B004U5615E,1
00099.jpg,B00597CQHE,1
00099.jpg,B00A7TIW5O,1
00099.jpg,B01FVPOWD4,1
00100.jpg,B004QTXVRK,1
00102.jpg,B0029D1PAA,3
00103.jpg,B000K048US,1
00103.jpg,B00FFJ5WAO,1
00103.jpg,B00IN4S28M,2
00103.jpg,B015FQ8456,2
00104.jpg,B00FFJ5WAO,1
00104.jpg,B00IN4S28M,2
00104.jpg,B015FQ8456,1
00105.jpg,B00TSN4FAG,1
00105.jpg,B00W9SMWM0,3
00105.jpg,B01AGMJGA6,1
00106.jpg,B0032ZB03G,1
00106.jpg,B00TSN4FAG,1
00106.jpg,B00W9SMWM0,3
00106.jpg,B01AGMJGA6,1
00107.jpg,B000I0TZO4,12
00107.jpg,B012IMW5EG,1
00108.jpg,B000I0TZO4,12
00109.jpg,B01BYKIYUW,2
00109.jpg,B01EIF6UVA,1
00110.jpg,B01BYKIYUW,2
00110.jpg,B01EIF6UVA,1
00110.jpg,B01HE6KCW8,2
00111.jpg,B000Q7WLAY,2
00111.jpg,B0034CAYDO,1
00112.jpg,B000Q7WLAY,2
00113.jpg,B00N0XY1GS,1
00113.jpg,B01CNW8ZBI,1
00114.jpg,B0054P49YE,1
00114.jpg,B00N0XY1GS,1
00114.jpg,B01CNW8ZBI,1
00114.jpg,B01H05OA8A,3
00115.jpg,B000W43GZA,2
00116.jpg,B00S5O9LDA,2
00116.jpg,B00VPTWZAI,1
00117.jpg,B004Q0PN0W,4
00117.jpg,B01E670AOS,1
00118.jpg,B004Q0PN0W,3
00118.jpg,B01E670AOS,1
00119.jpg,B004Q0PN0W,3
00119.jpg,B00NJ008MI,2
00119.jpg,B01E670AOS,1
00120.jpg,B000JHQ3NC,1
00120.jpg,B00IVGPMK8,1
00120.jpg,B00MX3T1H0,1
00120.jpg,B01AT2HDTO,1
00121.jpg,B00IVGPMK8,1
00121.jpg,B00MX3T1H0,1
00121.jpg,B01AT2HDTO,1
00122.jpg,B0007Y5HIY,7
00123.jpg,1402705417,15
00123.jpg,B00JLMNITS,1
00124.jpg,1402705417,14
00124.jpg,B00JLMNITS,1
00125.jpg,B000CIQY1E,1
00125.jpg,B00ARALJSU,1
00125.jpg,B00KJLT4P2,4
00125.jpg,B00TL8YUUS,1
00126.jpg,B000CIQY1E,1
00126.jpg,B00ARALJSU,1
00126.jpg,B00KJLT4P2,3
00126.jpg,B00TL8YUUS,1
00127.jpg,B00LL56RNC,1
00127.jpg,B015QZMWR2,1
00127.jpg,B01A0BBF8O,1
00128.jpg,B00LL56RNC,1
00128.jpg,B015QZMWR2,1
00128.jpg,B01A0BBF8O,1
00128.jpg,B01F3ZNI2S,1
00129.jpg,B000C9Q0D0,1
00129.jpg,B00M93RZB8,1
00129.jpg,B00P8WCHH4,1
00130.jpg,B004NQMCDK,1
00130.jpg,B006GJPD88,1
00131.jpg,B004NQMCDK,1
00131.jpg,B006GJPD88,1
00131.jpg,B00DQ3OEIW,1
00132.jpg,B00KVUGQMU,2
00132.jpg,B00PI2CLPM,2
00132.jpg,B01DM3CKHM,1
00133.jpg,B00LFSM004,1
00133.jpg,B00TM7BLFA,2
00133.jpg,B00YWYI106,1
00134.jpg,B000KHZ044,1
00134.jpg,B00LFSM004,1
00134.jpg,B00YWYI106,1
00135.jpg,B015E2BQY2,3
00135.jpg,B01AMOMEA2,3
00135.jpg,B01BPJZ3BA,2
00135.jpg,B01G445320,2
00136.jpg,B00134D3BA,6
00136.jpg,B00I4AAL8Y,1
00136.jpg,B017GSAQKM,1
00137.jpg,B002STI30A,1
00137.jpg,B00YBDL8GM,1
00137.jpg,B01GPJA8PG,4
00138.jpg,B002STI30A,1
00138.jpg,B00YBDL8GM,1
00139.jpg,B000BD5F7Y,1
00139.jpg,B002VKX0PY,3
00139.jpg,B00DI88YCC,1
00140.jpg,B000BD5F7Y,1
00140.jpg,B002VKX0PY,2
00140.jpg,B00DI88YCC,1
00141.jpg,B0197O304W,1
00141.jpg,B01D4FL9LQ,2
00142.jpg,B0197O304W,1
00142.jpg,B01D4FL9LQ,1
00143.jpg,B003A5FMBE,6
00144.jpg,B000ULK7MA,1
00144.jpg,B00D68PE6I,3
00144.jpg,B00QFZ6GUW,1
00144.jpg,B00V7GTVSI,2
00145.jpg,B000ULK7MA,1
00145.jpg,B00D68PE6I,3
00145.jpg,B00V7GTVSI,2
00146.jpg,B00U2TOF64,2
00146.jpg,B01CTOII8K,1
00147.jpg,B001NIX3S4,1
00147.jpg,B00L3MNYRK,1
00147.jpg,B016MA1UQ4,4
00148.jpg,B003M6E0FU,1
00149.jpg,B003M6E0FU,1
00149.jpg,B013HCYRJC,3
00150.jpg,B001KSYWR8,1
00150.jpg,B004T18O3G,1
00151.jpg,B000L7EGMA,4
00151.jpg,B001KSYWR8,1
00151.jpg,B004T18O3G,1
00152.jpg,B001R2RA4E,1
00153.jpg,B001R2RA4E,1
00153.jpg,B002XJYKAM,2
00154.jpg,B007XE5LTG,1
00154.jpg,B0183J2U20,1
00155.jpg,B007XE5LTG,1
00155.jpg,B0183J2U20,1
00155.jpg,B01E7REHWS,3
00156.jpg,B0085CJ1LY,1
00156.jpg,B00KHWBSIE,3
00156.jpg,B00ZJ7V2T2,1
00157.jpg,B00KHWBSIE,3
00157.jpg,B00ZJ7V2T2,1
00158.jpg,B0006GANUK,1
00158.jpg,B015PB577O,1
00158.jpg,B01DYYCX6M,1
00159.jpg,B00CDJJZV6,1
00159.jpg,B01BSGKJZK,1
00159.jpg,B01C6MG0CQ,1
00160.jpg,B01BSGKJZK,1
00160.jpg,B01C6MG0CQ,1
00161.jpg,B002SB8LLE,1
00161.jpg,B011XM4GJO,4
00161.jpg,B013OVOO6M,1
00162.jpg,B000CHKIVW,1
00162.jpg,B002SB8LLE,1
00162.jpg,B011XM4GJO,4
00162.jpg,B013OVOO6M,1
00163.jpg,B000CHKIVW,1
00163.jpg,B002SB8LLE,1
00163.jpg,B011XM4GJO,4
00164.jpg,0756628652,1
00164.jpg,B01D2OY3ZI,2
00165.jpg,0756628652,1
00165.jpg,B00HM2KVPS,1
00165.jpg,B01D2OY3ZI,2
00166.jpg,0756628652,1
00166.jpg,B01D2OY3ZI,2
00167.jpg,B00FY2O73U,2
00168.jpg,B0053T78A8,1
00168.jpg,B016U7FAZG,1
00169.jpg,B00C3TPXE4,4
00169.jpg,B01BDXE0YO,1
00170.jpg,B005CK86XQ,1
00170.jpg,B00F9Y9QHA,1
00170.jpg,B00GVKMQY6,1
00171.jpg,B005CK86XQ,1
00171.jpg,B00EPKNTUO,1
00171.jpg,B00F9Y9QHA,1
00171.jpg,B00GVKMQY6,1
00172.jpg,B000GAVLN4,10
00172.jpg,B0040VPKC8,1
00172.jpg,B00SNVDJ3I,1
00173.jpg,B000GAVLN4,10
00173.jpg,B00SNVDJ3I,1
00174.jpg,B000936QEM,1
00174.jpg,B0014R91V2,3
00174.jpg,B0016AZGM0,1
00174.jpg,B002BUKCNW,1
00175.jpg,B000936QEM,1
00175.jpg,B0014R91V2,3
00175.jpg,B0016AZGM0,1
00176.jpg,B0014R91V2,3
00176.jpg,B0016AZGM0,1
00177.jpg,B0027A76OY,1
00177.jpg,B0088PUEPK,1
00177.jpg,B015QZNCQC,1
00177.jpg,B01CXO5W80,5
00178.jpg,B0027A76OY,1
00178.jpg,B015QZNCQC,1
00178.jpg,B01CXO5W80,5
00179.jpg,B004Y3N1GO,2
00179.jpg,B007PZB9SK,1
00179.jpg,B00YT0E8WS,1
00180.jpg,B0002DHZKS,1
00180.jpg,B004Y3N1GO,2
00180.jpg,B007PZB9SK,1
00180.jpg,B00YT0E8WS,1
00181.jpg,B005Z3Q6R8,1
00181.jpg,B00N1VS5WA,1
00181.jpg,B00UDMF7TO,1
00182.jpg,B00AVZXZO2,1
00182.jpg,B00QLU9O14,1
00182.jpg,B00R8MECFM,1
00182.jpg,B011NQ0ZC2,1
00182.jpg,B0122W7QHS,1
00183.jpg,B0010GG7YG,1
00183.jpg,B00AVZXZO2,1
00183.jpg,B00QLU9O14,1
00183.jpg,B00R8MECFM,1
00183.jpg,B011NQ0ZC2,1
00183.jpg,B0122W7QHS,1
00184.jpg,B00016X7NA,1
00184.jpg,B00UCZGXWM,4
00185.jpg,B000XABZF6,3
00185.jpg,B00BFX6BFO,1
00185.jpg,B00MDE182A,1
00186.jpg,B00PC07T02,2
00186.jpg,B00R102VTK,1
00186.jpg,B01BX8UBZG,1
00186.jpg,B01DLVWZJI,1
00187.jpg,B00R102VTK,1
00187.jpg,B01BX8UBZG,1
00187.jpg,B01DLVWZJI,1
00188.jpg,B0149QCHLK,1
00188.jpg,B017EAZ03K,1
00188.jpg,B01DPI3MN0,1
00189.jpg,B01BVY23OY,2
00190.jpg,B00M1Y7JXY,1
00190.jpg,B00MRRAYFK,6
00191.jpg,B00M1Y7JXY,1
00191.jpg,B00MRRAYFK,5
00192.jpg,B0014C8COY,1
00192.jpg,B005J5WMXY,1
00192.jpg,B00LTJXE1I,1
00192.jpg,B00R1LW5NG,4
00192.jpg,B00VV14KIK,1
00193.jpg,B005J5WMXY,1
00193.jpg,B00LTJXE1I,1
00193.jpg,B00R1LW5NG,4
00193.jpg,B00VV14KIK,1
00194.jpg,B0041T9UD4,1
00195.jpg,B0041T9UD4,1
00195.jpg,B01EKPZHX0,1
00196.jpg,B0006IX87S,2
00196.jpg,B01CZ2AEOW,3
00197.jpg,B007QH7MZQ,1
00197.jpg,B00LJXQHTA,2
00197.jpg,B00V7LT5JI,1
00198.jpg,B007QH7MZQ,1
00198.jpg,B00LJXQHTA,2
00199.jpg,B000I0XUYA,1
00199.jpg,B000I7OHUO,1
00199.jpg,B000L7GO1Q,1
00199.jpg,B000L7L2U4,1
00199.jpg,B000N4KZLM,1
00199.jpg,B0012NE7EO,1
00199.jpg,B0012S50W2,1
00199.jpg,B0012XSCW2,1
00199.jpg,B0013VIWDC,1
00199.jpg,B00487FMYU,5
00199.jpg,B0170LSDJ6,1
00200.jpg,B018RSDQ20,3
00201.jpg,0441172717,2
00201.jpg,B003YT6RNS,2
00202.jpg,B008FS8JD4,2
00202.jpg,B00TSP65IO,1
00202.jpg,B01DUO4YH2,1
00203.jpg,B008FS8JD4,1
00203.jpg,B00TSP65IO,1
00203.jpg,B01DUO4YH2,1
00204.jpg,B000VCFB0G,2
00204.jpg,B00RVFGV50,1
00205.jpg,B0046L57WA,1
00205.jpg,B00U2WHUF4,2
00205.jpg,B015XPYQVK,3
00206.jpg,B00U2WHUF4,2
00206.jpg,B015XPYQVK,3
00207.jpg,0062267280,1
00207.jpg,0345466276,1
00207.jpg,0374399883,1
00207.jpg,0976184281,1
00207.jpg,B012BSTIEW,2
00207.jpg,B0140WTCPW,2
00208.jpg,B000NVNLTS,1
00208.jpg,B0038TVH34,4
00208.jpg,B0082RD6ZY,1
00209.jpg,B003IJ6HFM,1
00209.jpg,B00JX8P69A,8
00210.jpg,B000P0L23E,2
00210.jpg,B000Q3DORC,1
00210.jpg,B0017VBL7W,1
00210.jpg,B00GFOIC7S,2
00210.jpg,B00IAIF8HY,1
00210.jpg,B00SX18P0K,1
00210.jpg,B00WVEOLF8,1
00211.jpg,B000P0L23E,2
00211.jpg,B0017VBL7W,1
00211.jpg,B00GFOIC7S,2
00211.jpg,B00IAIF8HY,1
00211.jpg,B00SX18P0K,1
00211.jpg,B00WVEOLF8,1
00212.jpg,B0161YSZ32,5
00213.jpg,B00NGXWL78,1
00214.jpg,B00794XNX6,1
00215.jpg,B00794XNX6,1
00215.jpg,B008YDTQRS,3
00216.jpg,B0058ER9UC,1
00216.jpg,B00I8OT8CG,1
00216.jpg,B0194CW48U,1
00216.jpg,B01CRMWZWO,1
00217.jpg,B0058ER9UC,1
00217.jpg,B00I8OT8CG,1
00217.jpg,B01CRMWZWO,1
00218.jpg,B01BI5PCJY,1
00219.jpg,B000ED9L6C,2
00219.jpg,B00H2B4H2M,1
00219.jpg,B01BI5PCJY,1
00220.jpg,B0041I6BWS,1
00220.jpg,B004XIUT10,3
00220.jpg,B00BTIWVHC,1
00220.jpg,B00O0M5QK8,1
00221.jpg,B0041I6BWS,1
00221.jpg,B004XIUT10,3
00221.jpg,B00BTIWVHC,1
00222.jpg,B00ARJN2CC,1
00222.jpg,B00Y3RHZ4U,3
00222.jpg,B01F7AD0X6,1
00223.jpg,B0002UKWHE,1
00223.jpg,B00ARJN2CC,1
00223.jpg,B00Y3RHZ4U,3
00223.jpg,B01F7AD0X6,1
00224.jpg,1602554196,13
00225.jpg,1602554196,12
00226.jpg,B000CIXMNM,1
00226.jpg,B005ID1F1W,1
00226.jpg,B0186D322U,2
00227.jpg,B000CIXMNM,1
00227.jpg,B0186D322U,2
00228.jpg,B00000JRRD,3
00228.jpg,B003E3P7K8,1
00229.jpg,B003E3P7K8,1
00230.jpg,B000OT6FP6,1
00230.jpg,B01DEW3CNC,2
00231.jpg,B000OT6FP6,1
00231.jpg,B01DEW3CNC,1
00232.jpg,B00EZWS0VK,1
00233.jpg,B00HZYHZMK,1
00233.jpg,B00WIWXTWO,4
00233.jpg,B01BSX2YD8,1
00234.jpg,B00WIWXTWO,4
00234.jpg,B01BSX2YD8,1
00235.jpg,B00XLMS3X0,6
00236.jpg,B00XLMS3X0,5
00237.jpg,B00MI8SYZU,1
00238.jpg,B000BQMWQ8,5
00239.jpg,B000BQMWQ8,4
00240.jpg,B009OE2OCU,2
00240.jpg,B00C63E9MO,1
00240.jpg,B01EHN6G6M,3
00241.jpg,B009OE2OCU,1
00241.jpg,B00C63E9MO,1
00241.jpg,B01EHN6G6M,3
00242.jpg,B000LRH9J2,2
00242.jpg,B001005KVS,2
00242.jpg,B00XHYVS16,1
00242.jpg,B01DP22MF0,1
00243.jpg,B000LRH9J2,2
00243.jpg,B001005KVS,2
00243.jpg,B00XHYVS16,1
00244.jpg,B000QJE48O,2
00244.jpg,B004MAW3NG,1
00244.jpg,B016IHDE88,1
00245.jpg,B002FAYZ86,1
00245.jpg,B009WUK2OS,1
00245.jpg,B013F98L44,2
00245.jpg,B01G168ULC,1
00246.jpg,B002FAYZ86,1
00246.jpg,B009WUK2OS,1
00246.jpg,B013F98L44,1
00246.jpg,B01G168ULC,1
00247.jpg,B007WWII3A,1
00247.jpg,B00MRJQH6I,1
00247.jpg,B00S5V63NO,3
00247.jpg,B01D13MFLY,2
00248.jpg,B007WWII3A,1
00248.jpg,B00ILXRPQ0,4
00248.jpg,B00MRJQH6I,1
00248.jpg,B00S5V63NO,3
00248.jpg,B01D13MFLY,2
00249.jpg,B008BH4IZM,1
00249.jpg,B00INV51ZM,1
00250.jpg,B008BH4IZM,1
00250.jpg,B00ECV5MR4,1
00250.jpg,B00IHMVJ1M,1
00251.jpg,B00DSYED3U,4
00251.jpg,B01AZV0HMO,2
00252.jpg,B00DSYED3U,3
00252.jpg,B01AZV0HMO,2
00253.jpg,B00013YZ7U,1
00253.jpg,B000F4OYDK,1
00253.jpg,B00IPAAUEI,1
00254.jpg,B00013YZ7U,1
00254.jpg,B000A0C9PO,3
00254.jpg,B00IPAAUEI,1
00255.jpg,B0007LTNXC,2
00255.jpg,B00W4QF67A,1
00255.jpg,B018WRVO5M,2
00256.jpg,B0007LTNXC,2
00256.jpg,B00W4QF67A,1
00257.jpg,B008WDZP8O,5
00257.jpg,B019OX9IHO,2
00258.jpg,B0011R8W0G,1
00258.jpg,B00FJUB38E,1
00258.jpg,B016VZWV7M,1
00258.jpg,B01CZBSVK2,1
00258.jpg,B01EHVXRHU,4
00259.jpg,B0011R8W0G,1
00259.jpg,B00FJUB38E,1
00259.jpg,B00P45NM6U,2
00259.jpg,B016VZWV7M,1
00259.jpg,B01CZBSVK2,1
00259.jpg,B01EHVXRHU,4
00260.jpg,B00069PDYI,1
00260.jpg,B0009STDOW,1
00260.jpg,B000Y8X0LE,1
00260.jpg,B008P8FI2O,1
00260.jpg,B00IBDCYUM,1
00260.jpg,B00K9ZSW06,1
00260.jpg,B00KT2NXBC,1
00260.jpg,B0158WBF3K,1
00261.jpg,B00069PDYI,1
00261.jpg,B0009STDOW,1
00261.jpg,B008P8FI2O,1
00261.jpg,B00IBDCYUM,1
00261.jpg,B00K9ZSW06,1
00261.jpg,B00KT2NXBC,1
00261.jpg,B0158WBF3K,1
00262.jpg,B000LSJ0M0,1
00262.jpg,B00LSJPQII,1
00262.jpg,B014UMYWJ8,2
00263.jpg,B0053OQO9O,1
00263.jpg,B00CS8LA6A,1
00263.jpg,B01EBJZCB2,4
00264.jpg,B000UJFQYG,1
00264.jpg,B00CQGU9GG,6
00264.jpg,B01EO6MC2Y,2
00265.jpg,B01154RB3S,2
00266.jpg,B003OY86DW,2
00266.jpg,B01154RB3S,2
00267.jpg,B00L7QZPL0,5
00268.jpg,B005X64QYM,1
00268.jpg,B00IZH7CMY,1
00268.jpg,B00L7QZPL0,4
00268.jpg,B00MEZ77JG,1
00269.jpg,B00YWPIDW6,2
00269.jpg,B018O8NW04,1
00269.jpg,B01CF5XXGU,4
00270.jpg,B00YWPIDW6,2
00270.jpg,B010FWMZCS,1
00270.jpg,B018O8NW04,1
00270.jpg,B01CF5XXGU,4
00271.jpg,B000ZOUB5A,3
00271.jpg,B004R3TM9Q,2
00271.jpg,B0195S58GS,3
00272.jpg,B000ZOUB5A,2
00272.jpg,B004R3TM9Q,2
00272.jpg,B0195S58GS,3
00273.jpg,0979738504,1
00273.jpg,1501106473,4
00273.jpg,B000A59POM,1
00274.jpg,B001NSI91U,1
00274.jpg,B00J91T160,1
00274.jpg,B01CY5R3EE,4
00275.jpg,B00Y375P38,1
00275.jpg,B00ZE36BEW,16
00275.jpg,B017SJKXL6,1
00276.jpg,B00Y375P38,1
00276.jpg,B00ZE36BEW,15
00276.jpg,B017SJKXL6,1
00277.jpg,B0017J67I2,6
00278.jpg,B000J07BRQ,1
00278.jpg,B0017J67I2,6
00279.jpg,B00YV3JPOO,1
00280.jpg,B000KKXGG0,2
00280.jpg,B00IIDD0ZS,1
00280.jpg,B01AYFA14K,1
00281.jpg,B006MQLEGK,3
00281.jpg,B00HD4HPEA,2
00281.jpg,B00TID8JOE,2
00282.jpg,B006MQLEGK,3
00282.jpg,B00HD4HPEA,2
00282.jpg,B00TID8JOE,1
00283.jpg,B006MQLEGK,2
00283.jpg,B00HD4HPEA,2
00283.jpg,B00TID8JOE,1
00284.jpg,B00UY6SF5C,1
00285.jpg,B00JJYW00Q,2
00285.jpg,B00NSLP2P6,3
00285.jpg,B0157P4BYS,3
00285.jpg,B01DJILJ5Y,1
00285.jpg,B01DK13TTY,4
00286.jpg,B00JJYW00Q,2
00286.jpg,B00NSLP2P6,3
00286.jpg,B0157P4BYS,2
00286.jpg,B01DJILJ5Y,1
00286.jpg,B01DK13TTY,4
00287.jpg,B00FL3U43E,1
00287.jpg,B00M4KORFI,1
00288.jpg,B00FL3U43E,1
00289.jpg,B00R1DE0XC,1
00290.jpg,B0044W8MKU,3
00290.jpg,B00R1DE0XC,1
00291.jpg,B00D8FZ8AG,1
00291.jpg,B00VDKZ934,1
00291.jpg,B00YBBIP0G,1
00292.jpg,B010JRBDRM,1
00292.jpg,B018SVNJ2S,1
00293.jpg,B0002CZQEG,1
00293.jpg,B006JZ51MC,3
00293.jpg,B00K7LGW4K,1
00293.jpg,B01BQTJ2U2,1
00294.jpg,B006JZ51MC,3
00294.jpg,B00K7LGW4K,1
00294.jpg,B01BQTJ2U2,1
00295.jpg,B001FWVTSY,1
00295.jpg,B002B7OD8A,1
00295.jpg,B0093J2GM4,1
00295.jpg,B00MOTYVKU,1
00295.jpg,B01FYTMHXY,2
00295.jpg,B01GSAD1CE,1
00296.jpg,B001FWVTSY,1
00296.jpg,B002B7OD8A,1
00296.jpg,B0093J2GM4,1
00296.jpg,B00MOTYVKU,1
00296.jpg,B01CLYE8HI,2
00296.jpg,B01FYTMHXY,2
00296.jpg,B01GSAD1CE,1
00297.jpg,B00PESXDB6,10
00298.jpg,B00PESXDB6,9
00299.jpg,B00EPD6UFM,1
00299.jpg,B00THAGEHW,1
00300.jpg,B00EPD6UFM,1
00300.jpg,B00Q3GI8C2,1
00300.jpg,B00THAGEHW,1
00301.jpg,B000IXC7IW,1
00301.jpg,B010TS35ZY,1
00302.jpg,B000IXC7IW,1
00302.jpg,B00LH1X66G,1
00302.jpg,B010TS35ZY,1
00303.jpg,B000KI8HKC,2
00303.jpg,B002GALZCY,1
00303.jpg,B002JI3L84,4
00304.jpg,B000KI8HKC,1
00304.jpg,B002GALZCY,1
00304.jpg,B002JI3L84,4
00305.jpg,B000KI8HKC,1
00305.jpg,B001CUBR9U,2
00305.jpg,B002GALZCY,1
00305.jpg,B002JI3L84,4
00306.jpg,1623654726,1
00306.jpg,B00AANQLRI,5
00307.jpg,1623654726,1
00307.jpg,B00AANQLRI,5
00307.jpg,B00VAQFY40,2
00308.jpg,B001LGHZ2S,4
00308.jpg,B01BH8EEKU,1
00308.jpg,B01C9WLIIO,1
00309.jpg,B001LGHZ2S,4
00309.jpg,B01BH8EEKU,1
00310.jpg,B00QFRXE0A,1
00310.jpg,B00Y2DJN4A,1
00310.jpg,B0118DTSCI,1
00310.jpg,B01EQVE356,2
00311.jpg,B00HZVU57U,3
00312.jpg,B00VANYCBE,1
00313.jpg,B000MGWIMK,1
00313.jpg,B0098PKISC,1
00313.jpg,B00FB9QUUE,1
00313.jpg,B00H2ZPMFE,1
00313.jpg,B00I56IZGC,1
00313.jpg,B00WT4BIWO,1
00313.jpg,B00ZCYS15K,2
00314.jpg,143368912X,1
00314.jpg,B00WL13K44,2
00315.jpg,1119209595,3
00315.jpg,143368912X,1
00315.jpg,B00WL13K44,2
00316.jpg,B01AH2CRJW,1
00317.jpg,B005Z5HT2M,1
00317.jpg,B00IRWLPPC,1
00317.jpg,B01AH2CRJW,1
00318.jpg,B01CUWMGAC,1
00318.jpg,B01G9YU3MA,1
00319.jpg,B001CD9RRG,4
00319.jpg,B00EK89RTS,1
00320.jpg,B00EK89RTS,1
00321.jpg,B0071CO808,3
00321.jpg,B00KWXEEZW,1
00322.jpg,B0071CO808,1
00322.jpg,B00KWXEEZW,1
00323.jpg,B0006VQBTW,4
00323.jpg,B000FLX8N0,1
00323.jpg,B0015AA78Y,3
00323.jpg,B019JIA68Y,1
00324.jpg,B0006VQBTW,4
00324.jpg,B000FLX8N0,1
00324.jpg,B0015AA78Y,3
00324.jpg,B004TMGZ9K,1
00324.jpg,B019JIA68Y,1
00325.jpg,812654046X,2
00326.jpg,812654046X,2
00326.jpg,B001ET78BU,3
00326.jpg,B001G7PLDW,1
00327.jpg,B005D4T9UA,1
00327.jpg,B01A89Y7EC,1
00328.jpg,B005D4T9UA,1
00329.jpg,B0040RHZ84,2
00330.jpg,B004OR15K4,2
00330.jpg,B00NR6OKTQ,1
00330.jpg,B00UMAO02C,1
00331.jpg,B004OR15K4,1
00331.jpg,B00NR6OKTQ,1
00331.jpg,B00UMAO02C,1
00332.jpg,1419708457,5
00332.jpg,B000HHQAFA,2
00333.jpg,0133769399,1
00333.jpg,1429208384,1
00333.jpg,B00080ANT0,1
00333.jpg,B004I640EE,1
00333.jpg,B004XJANZ6,3
00333.jpg,B0069RZ04O,1
00333.jpg,B00J24OZ74,1
00334.jpg,0133769399,1
00334.jpg,1429208384,1
00334.jpg,B00080ANT0,1
00334.jpg,B000QY696E,1
00334.jpg,B004I640EE,1
00334.jpg,B004XJANZ6,3
00334.jpg,B0069RZ04O,1
00334.jpg,B00J24OZ74,1
00335.jpg,B0014VX2M2,5
00335.jpg,B00JH8M2D4,1
00335.jpg,B00QGXZGIG,5
00336.jpg,B00477QIMQ,1
00336.jpg,B017GBHJ7W,3
00337.jpg,B00018AONE,1
00337.jpg,B00477QIMQ,1
00337.jpg,B017GBHJ7W,3
00337.jpg,B01BBTKXP0,1
00338.jpg,0199931801,1
00338.jpg,B00002NCMV,2
00338.jpg,B0058JQ71E,2
00338.jpg,B01824RFLC,1
00338.jpg,B01DHBQLII,1
00339.jpg,B004E92CFY,1
00339.jpg,B01CREZKQK,4
00340.jpg,B005IZ53CW,1
00340.jpg,B0084JMCF0,2
00340.jpg,B00IP27DFA,1
00341.jpg,B005IZ53CW,1
00341.jpg,B0084JMCF0,1
00341.jpg,B00IP27DFA,1
00342.jpg,B005IZ53CW,1
00342.jpg,B01746BWTK,1
00343.jpg,B0002AR3PS,1
00344.jpg,B0002AR3PS,1
00344.jpg,B00PGTOX26,3
00345.jpg,B013UJS35G,1
00345.jpg,B01BFKXGQS,7
00346.jpg,B013UJS35G,1
00346.jpg,B01BFKXGQS,6
00347.jpg,B013UJS35G,1
00347.jpg,B01BFKXGQS,5
00348.jpg,0679781595,3
00348.jpg,1469622491,1
00348.jpg,1943893004,2
00349.jpg,B001GBF6AG,1
00349.jpg,B002BTLNKO,3
00349.jpg,B003STEIYY,1
00349.jpg,B0055BZ37O,2
00349.jpg,B00UVJNKA2,1
00349.jpg,B019YKNF26,1
00350.jpg,B00LQTN9ES,1
00350.jpg,B00VIQD1S8,1
00350.jpg,B0146GD2YE,1
00351.jpg,B00EI6EZDK,1
00351.jpg,B01EXM8GGU,1
00352.jpg,B01EXM8GGU,1
00353.jpg,B000NPPAUW,13
00353.jpg,B01EXM8GGU,1
00354.jpg,B001O0VPWW,1
00354.jpg,B00XTFTF5Y,2
00354.jpg,B01AW0EYWM,1
00355.jpg,B00II3A1LE,1
00355.jpg,B019DTKDUU,1
00356.jpg,B00SOFZM42,1
00356.jpg,B01A8ODEO6,3
00357.jpg,B007U1WL54,1
00357.jpg,B00I0FCMOY,1
00358.jpg,B007U1WL54,1
00358.jpg,B0087EIDRS,2
00358.jpg,B00I0FCMOY,1
00359.jpg,B00KF6ORD0,1
00359.jpg,B00YXUDY0G,1
00359.jpg,B015XW7YE4,3
00360.jpg,B00KF6ORD0,1
00360.jpg,B00YXUDY0G,1
00360.jpg,B012FBO0MA,1
00361.jpg,B00LNOBGHI,2
00361.jpg,B013HV7WBS,1
00361.jpg,B013SPR4FW,1
00361.jpg,B01G6XL6M0,4
00362.jpg,0553373056,1
00362.jpg,B016K5TBKS,1
00362.jpg,B01DBHZLSO,4
00363.jpg,0553373056,1
00363.jpg,B01DBHZLSO,4
00364.jpg,B007XX0296,2
00364.jpg,B00S7KTUXS,2
00364.jpg,B00VBOD3QM,2
00364.jpg,B01936N73I,1
00365.jpg,B00D7K1KAY,1
00365.jpg,B01DKHJV1I,2
00366.jpg,B00D7K1KAY,1
00366.jpg,B013HZPX3I,1
00366.jpg,B01DKHJV1I,2
00367.jpg,B00D7K1KAY,1
00367.jpg,B013HZPX3I,1
00368.jpg,B014EUTIXG,3
00368.jpg,B014QZQXB4,1
00368.jpg,B017NOBU9U,2
00368.jpg,B018FZKOB6,1
00369.jpg,B00W3DO2OC,1
00369.jpg,B01DDR0BX2,3
00370.jpg,B00TO54PLC,1
00370.jpg,B00W3DO2OC,1
00370.jpg,B01DDR0BX2,3
00371.jpg,B0154ARWHE,2
00372.jpg,B0154ARWHE,2
00372.jpg,B015QZN4OW,1
00373.jpg,B000277TBE,1
00373.jpg,B007GCJKP6,1
00373.jpg,B00TXT2CBY,1
00373.jpg,B014AHK7G0,1
00374.jpg,B005JAH61M,1
00374.jpg,B01ALGKMCI,5
00375.jpg,B005JAH61M,1
00375.jpg,B01ALGKMCI,5
00375.jpg,B01CY4B93Q,1
00376.jpg,B001KNE2F0,4
00376.jpg,B00BRA2UQO,1
00376.jpg,B00LP6CW5E,1
00377.jpg,B001KNE2F0,4
00377.jpg,B00BRA2UQO,1
00378.jpg,B001DDY6HG,3
00379.jpg,0762445890,7
00379.jpg,B00KKV3YSE,1
00380.jpg,0762445890,7
00381.jpg,B01EOV99PW,1
00382.jpg,B0006O91EG,2
00382.jpg,B015SFSVT8,1
00382.jpg,B01636HH78,1
00383.jpg,B00008XPGJ,1
00383.jpg,B0006O91EG,2
00383.jpg,B015SFSVT8,1
00383.jpg,B01636HH78,1
00383.jpg,B017DPFZYK,1
00384.jpg,B00ORF2FEI,1
00384.jpg,B0116QLE9M,1
00384.jpg,B019WYI4PW,2
00385.jpg,B004RHNJOG,2
00385.jpg,B00ORF2FEI,1
00385.jpg,B0116QLE9M,1
00385.jpg,B019WYI4PW,2
00386.jpg,B00BFL68H2,1
00386.jpg,B00FXPSOJG,1
00386.jpg,B00OCYXTYY,1
00386.jpg,B00ZCEP9G4,1
00386.jpg,B017N5FDU6,1
00387.jpg,B00BFL68H2,1
00387.jpg,B00OCYXTYY,1
00387.jpg,B00ZCEP9G4,1
00387.jpg,B017N5FDU6,1
00388.jpg,B00RTC23FM,1
00388.jpg,B01ARGBRGW,2
00388.jpg,B01B59Q8U0,1
00389.jpg,B0028LGNSM,1
00389.jpg,B00RTC23FM,1
00389.jpg,B01ARGBRGW,1
00390.jpg,B001R1Q2C6,2
00390.jpg,B0028LGNSM,1
00390.jpg,B00RTC23FM,1
00390.jpg,B01ARGBRGW,1
00391.jpg,B00HLW83OK,8
00391.jpg,B00I100KEC,2
00391.jpg,B0173KFYN2,1
00392.jpg,B00HLW83OK,8
00392.jpg,B00I100KEC,1
00392.jpg,B0173KFYN2,1
00393.jpg,B006VT9R30,3
00393.jpg,B01E43RCFE,2
00394.jpg,B006VT9R30,2
00394.jpg,B01E43RCFE,2
00395.jpg,B015SYOJD6,6
00395.jpg,B01DFKOGSI,1
00395.jpg,B01DUJ4VZW,1
00396.jpg,B015SYOJD6,4
00396.jpg,B01DFKOGSI,1
00396.jpg,B01DUJ4VZW,1
00397.jpg,B00VRAMCF8,1
00398.jpg,B000GYLCHK,3
00398.jpg,B00QV77XU6,1
00398.jpg,B00VRAMCF8,1
00399.jpg,B00C2GQBYY,1
00399.jpg,B01CJ6Z7FK,1
00400.jpg,B000BPI4K2,2
00400.jpg,B002GU5YCG,1
00400.jpg,B007JR532M,6
00400.jpg,B00TSUVO3A,1
00400.jpg,B00ZFO8V2A,1
00401.jpg,B000BPI4K2,2
00401.jpg,B002GU5YCG,1
00401.jpg,B007JR532M,2
00401.jpg,B00TSUVO3A,1
00401.jpg,B00ZFO8V2A,1
00402.jpg,B00JUO1MC2,1
00402.jpg,B00LTDON0K,1
00403.jpg,B00JUO1MC2,1
00404.jpg,B00I504Y5E,1
00404.jpg,B01FMWX0A2,1
00405.jpg,B000F8V2GI,1
00405.jpg,B00YAZF84Y,2
00406.jpg,B00006IDXJ,1
00406.jpg,B00DWG6QKC,2
00407.jpg,B00006IDXJ,1
00407.jpg,B000MCKAHE,1
00407.jpg,B00DWG6QKC,2
00408.jpg,B0132YMMJC,1
00409.jpg,B0132YMMJC,1
00409.jpg,B01DFHDMS6,6
00410.jpg,B002Q8LSVO,1
00410.jpg,B00BEWWBFU,1
00410.jpg,B00V57L51U,3
00411.jpg,B002Q8LSVO,1
00411.jpg,B00V57L51U,3
00412.jpg,B0098ZSOX8,2
00412.jpg,B00H491568,1
00413.jpg,B00H7PBWK8,13
00413.jpg,B0159A0LH2,1
00414.jpg,B00H7PBWK8,12
00414.jpg,B0159A0LH2,1
00415.jpg,B00004OCLC,6
00415.jpg,B013L5VMPM,3
00415.jpg,B019EQOTCU,1
00416.jpg,B00004OCLC,2
00416.jpg,B013L5VMPM,3
00416.jpg,B019EQOTCU,1
00417.jpg,B013L5VMPM,3
00417.jpg,B019EQOTCU,1
00418.jpg,B002H414PM,1
00419.jpg,B002H414PM,1
00419.jpg,B00W0CCOQO,2
00420.jpg,B0056JHX7S,1
00420.jpg,B00VXEWGK4,3
00420.jpg,B01E62WRAS,1
00421.jpg,B004C89BZQ,1
00421.jpg,B006MGWMHA,1
00421.jpg,B00I7JKAQ0,1
00421.jpg,B01COPZ6KC,3
00422.jpg,B004C89BZQ,1
00422.jpg,B006MGWMHA,1
00422.jpg,B01COPZ6KC,3
00423.jpg,B010IT7SMU,1
00424.jpg,B010IT7SMU,1
00424.jpg,B015SLMKJY,1
00425.jpg,B015PB5F0S,4
00426.jpg,B015PB5F0S,4
00426.jpg,B016DNDC3Y,1
00427.jpg,B000HARPV0,1
00428.jpg,B000HARPV0,1
00428.jpg,B00C7VXTIA,1
00429.jpg,B003E2TRXW,1
00429.jpg,B0093JP5PY,2
00429.jpg,B01D221HSG,1
00430.jpg,B00ILYHVWC,1
00430.jpg,B01AWGZKX8,1
00430.jpg,B01D1XT35U,1
00431.jpg,B00ILYHVWC,1
00431.jpg,B01AWGZKX8,1
00432.jpg,B004UMM0WK,1
00433.jpg,B001HBT7PK,2
00433.jpg,B00JJI6AY4,2
00434.jpg,B003R68WF4,1
00434.jpg,B00NNCZIUO,1
00434.jpg,B00OCEKCB2,1
00434.jpg,B01AHXEHYY,1
00435.jpg,B003R68WF4,1
00435.jpg,B00NNCZIUO,1
00436.jpg,B0000CFG5F,1
00436.jpg,B000MM8ZBW,3
00436.jpg,B00NH1AFFY,1
00436.jpg,B00TDP75GA,3
00437.jpg,B000MM8ZBW,3
00437.jpg,B00NH1AFFY,1
00437.jpg,B00TDP75GA,3
00438.jpg,B00RJKB2FQ,2
00438.jpg,B01C6KHZ1S,1
00439.jpg,B001L1RFPU,1
00439.jpg,B00772BNB4,3
00439.jpg,B00RRV14BE,1
00440.jpg,B001L1RFPU,1
00440.jpg,B00772BNB4,3
00440.jpg,B00CZ7AKDI,1
00440.jpg,B00RRV14BE,1
00441.jpg,B001L1RFPU,1
00441.jpg,B00772BNB4,3
00441.jpg,B00RRV14BE,1
00442.jpg,B01AJZPHJ4,8
00443.jpg,B01BUQDJLE,1
00444.jpg,B00008EUNR,1
00444.jpg,B0001Z4PSW,1
00444.jpg,B002R503UI,1
00444.jpg,B00757KRHW,1
00444.jpg,B00LN4XBA8,1
00444.jpg,B00OJILRAQ,5
00444.jpg,B01BUUBXS6,1
00445.jpg,B00008EUNR,1
00445.jpg,B0001Z4PSW,1
00445.jpg,B002R503UI,1
00445.jpg,B00757KRHW,1
00445.jpg,B00LN4XBA8,1
00445.jpg,B00OJILRAQ,5
00445.jpg,B00TBM3OPG,2
00445.jpg,B01BUUBXS6,1
00446.jpg,B00004Z1TN,1
00446.jpg,B000RI6C7K,5
00446.jpg,B00BMU9ZQM,1
00447.jpg,B00004Z1TN,1
00447.jpg,B000RI6C7K,3
00447.jpg,B00BMU9ZQM,1
00448.jpg,B00EZGFQIQ,1
00448.jpg,B00GII47F2,3
00448.jpg,B00ZQLLHQE,1
00449.jpg,B00EZGFQIQ,1
00449.jpg,B00ZQLLHQE,1
00450.jpg,B008LT0NUO,2
00450.jpg,B00ABVSMQC,1
00451.jpg,B001P3NU30,1
00451.jpg,B008LT0NUO,2
00451.jpg,B00ABVSMQC,1
00452.jpg,B00BMWMS1Y,4
00453.jpg,B00BMWMS1Y,4
00453.jpg,B00Q7JEEF0,1
00454.jpg,1937359581,3
00455.jpg,1937359581,3
00455.jpg,B005JD0FB2,1
00456.jpg,B000068O8H,1
00457.jpg,B000068O8H,1
00457.jpg,B01AWENDJS,2
00458.jpg,B00HGV5UBU,2
00459.jpg,B00C6SMOQM,1
00459.jpg,B00HGV5UBU,2
00460.jpg,B00D2CRXKI,2
00460.jpg,B01ECIKHJY,1
00460.jpg,B01HDYZ6HW,1
00461.jpg,B00D2CRXKI,2
00461.jpg,B01HDYZ6HW,1
00462.jpg,B001C63ZVC,2
00462.jpg,B016E4WY9A,2
00463.jpg,B00B7NVQ98,1
00463.jpg,B00EMS3ZSU,1
00463.jpg,B00UZCLMQE,1
00463.jpg,B01D8RFMOK,1
00464.jpg,B00EMS3ZSU,1
00464.jpg,B00UZCLMQE,1
00464.jpg,B01D8RFMOK,1
00465.jpg,B003B5HVIK,1
00465.jpg,B00EMS3ZSU,1
00465.jpg,B00UZCLMQE,1
00465.jpg,B00XHPSBR4,1
00465.jpg,B01D8RFMOK,1
00466.jpg,B002ZPGW32,2
00467.jpg,B006VAZYNG,2
00467.jpg,B018TYUBHK,2
00468.jpg,B006VAZYNG,1
00468.jpg,B018TYUBHK,2
00469.jpg,B0017TZSU0,1
00469.jpg,B0018A32XS,2
00470.jpg,B0017TZSU0,1
00471.jpg,0486478793,1
00471.jpg,B00001QEAQ,1
00471.jpg,B008H7B8JA,9
00472.jpg,1618688111,2
00472.jpg,B000255LJ8,1
00472.jpg,B00ZC9OZVY,1
00473.jpg,B001SAQ546,1
00473.jpg,B004NIBQQC,1
00474.jpg,B001SAQ546,1
00474.jpg,B004NIBQQC,1
00474.jpg,B014O6IXXQ,3
00475.jpg,B00YNSEDRQ,2
00475.jpg,B01B7P0MKY,2
00476.jpg,B010EM2DAS,14
00477.jpg,B010EM2DAS,13
00478.jpg,B01A4WVUD4,3
00479.jpg,B01A4WVUD4,2
00480.jpg,B00SXEQBAI,1
00480.jpg,B015GF54G8,2
00481.jpg,B009SZ2P4C,2
00481.jpg,B00SXEQBAI,1
00481.jpg,B015GF54G8,1
00482.jpg,1770412638,1
00482.jpg,B0009LTA6A,1
00482.jpg,B0061ZQFKW,1
00482.jpg,B00T6ZGCAM,2
00483.jpg,1770412638,1
00483.jpg,B0061ZQFKW,1
00483.jpg,B00T6ZGCAM,2
00484.jpg,B00465I17Y,4
00484.jpg,B00NH11H38,1
00484.jpg,B00TDDC7EW,1
00485.jpg,B008OEHTB2,3
00485.jpg,B01BULGA10,1
00486.jpg,B001B0S8R0,1
00486.jpg,B002QHYO0W,1
00486.jpg,B004N8ZQKY,2
00486.jpg,B019W2MK54,2
00487.jpg,B001B0S8R0,1
00487.jpg,B002QHYO0W,1
00487.jpg,B004N8ZQKY,1
00487.jpg,B019W2MK54,2
00488.jpg,B00BP1RM0O,1
00489.jpg,B003KZ4FO4,24
00489.jpg,B00YCVXDHK,1
00490.jpg,B003KZ4FO4,23
00490.jpg,B00YCVXDHK,1
00491.jpg,0060191341,1
00491.jpg,0077861671,1
00491.jpg,0143036912,1
00491.jpg,0312045999,1
00491.jpg,0738859176,1
00491.jpg,1118572270,1
00492.jpg,0060191341,1
00492.jpg,0077861671,1
00492.jpg,0140562737,1
00492.jpg,0143036912,1
00492.jpg,0312045999,1
00492.jpg,0738859176,1
00492.jpg,1118572270,1
00493.jpg,B0002V23BG,1
00493.jpg,B000OKOTQM,1
00493.jpg,B00MUK6M82,1
00494.jpg,B0002V23BG,1
00494.jpg,B000OKOTQM,1
00495.jpg,B0035CMA7Q,1
00495.jpg,B00UB2F1K6,1
00495.jpg,B00WHZ48PE,4
00495.jpg,B015MN3S94,1
00496.jpg,0312337353,1
00496.jpg,B0006VSX7K,1
00496.jpg,B00X9805GO,3
00496.jpg,B010N3LSQS,1
00497.jpg,B006VZODC4,1
00497.jpg,B00CKRU3UI,1
00497.jpg,B015XW7YE4,1
00498.jpg,B00UW6BFQU,1
00498.jpg,B00XI3OLW4,1
00498.jpg,B00ZWW9VEW,6
00499.jpg,B00UW6BFQU,1
00499.jpg,B00ZWW9VEW,6
00500.jpg,B005DS5NG0,1
00500.jpg,B00CGG834G,1
00500.jpg,B013LPI2B4,2
00500.jpg,B01EUTMZ5E,1
00501.jpg,B005DS5NG0,1
00501.jpg,B013LPI2B4,2
00501.jpg,B01EUTMZ5E,1
00502.jpg,B004NHWS0Q,18
00502.jpg,B00AEUG0YG,1
00502.jpg,B00OP9WQAY,1
00503.jpg,B004NHWS0Q,18
00503.jpg,B00AEUG0YG,1
00504.jpg,B01DX7LML2,1
00505.jpg,B00JQV6WU6,1
00505.jpg,B013SPP4EK,1
00505.jpg,B018PMK8OM,6
00506.jpg,B00JQV6WU6,1
00506.jpg,B018PMK8OM,6
00507.jpg,B016XBLT90,1
00507.jpg,B01AWAH4U6,1
00508.jpg,B002VLZ84Y,1
00508.jpg,B016XBLT90,1
00508.jpg,B01AWAH4U6,1
00509.jpg,B008SBD6WW,1
00510.jpg,B008SBD6WW,1
00510.jpg,B01G7CINSA,1
00511.jpg,B0190UMF12,3
00511.jpg,B01G7PMBMG,1
00512.jpg,B001B7C25W,1
00512.jpg,B01G7PMBMG,1
00513.jpg,B01DQ3EJKO,1
00513.jpg,B01DTOZPXA,3
00514.jpg,B01DQ3EJKO,1
00514.jpg,B01DTOZPXA,3
00514.jpg,B01GSFL1RG,3
00515.jpg,B01642U34U,7
00515.jpg,B01H1RW5X4,1
00516.jpg,B01642U34U,7
00517.jpg,B007ECQ04W,1
00517.jpg,B011YZ8NBM,1
00518.jpg,B00LDBJ09C,43
00519.jpg,B00GP258C2,1
00519.jpg,B00LDBJ09C,43
00519.jpg,B01B0ADMP8,1
00520.jpg,B0008KLVTQ,1
00520.jpg,B00CYSYZTS,2
00521.jpg,B00DV7D0L0,2
00522.jpg,B00CPTUNH4,1
00522.jpg,B0169HEV5M,2
00523.jpg,B0169HEV5M,2
00524.jpg,B00BYXT0R6,1
00524.jpg,B010B08YL0,1
00525.jpg,B00BYXT0R6,1
00526.jpg,B003U5ZFZ2,6
00526.jpg,B005JRJEZQ,1
00526.jpg,B008YGF9G2,1
00526.jpg,B010QN5OLU,2
00527.jpg,B000UVGLHU,1
00527.jpg,B003U5ZFZ2,6
00527.jpg,B005JRJEZQ,1
00527.jpg,B008YGF9G2,1
00527.jpg,B010QN5OLU,2
00528.jpg,B0090YJBYS,1
00528.jpg,B01168U5QI,2
00529.jpg,B004XAD442,2
00529.jpg,B005EOB8WG,1
00529.jpg,B00TDUQQTC,1
00529.jpg,B01BL2OHH2,2
00529.jpg,B01E9XN3RK,3
00530.jpg,B01704WDDA,1
00531.jpg,B0161IJ55U,2
00531.jpg,B01704WDDA,1
00532.jpg,B003RMY7CU,2
00532.jpg,B00ANSEL36,1
00532.jpg,B01DHBQLHY,1
00533.jpg,B003RMY7CU,2
00533.jpg,B00412F314,5
00533.jpg,B00ANSEL36,1
00533.jpg,B01DHBQLHY,1
00534.jpg,B003L7XO5M,1
00534.jpg,B00PET9CII,1
00535.jpg,B000BQ7XQC,3
00535.jpg,B014AHMN0S,5
00536.jpg,B000BQ7XQC,2
00536.jpg,B014AHMN0S,4
00537.jpg,1118477502,1
00537.jpg,1285854950,1
00537.jpg,1580538630,1
00537.jpg,B007Q6EF48,1
00537.jpg,B0141GPH9C,1
00538.jpg,1565856791,4
00538.jpg,B000BOH91S,1
00538.jpg,B001PR0H64,1
00538.jpg,B01AGGERJC,1
00539.jpg,1565856791,4
00539.jpg,B000BOH91S,1
00539.jpg,B001PR0H64,1
00539.jpg,B01AGGERJC,1
00539.jpg,B01EJ6MXWS,2
00540.jpg,8857206882,1
00540.jpg,B000037X0H,3
00541.jpg,8857206882,1
00541.jpg,B000037X0H,3
00541.jpg,B00BW7PUG4,3
00542.jpg,B00P10IA1A,9
00542.jpg,B01CLPRA8G,1
00542.jpg,B01G6WKABE,1
00543.jpg,B00P10IA1A,8
00543.jpg,B01CLPRA8G,1
00543.jpg,B01G6WKABE,1
00544.jpg,B00012TL2A,1
00544.jpg,B00HZ5GHIC,1
00544.jpg,B00NVI6DFY,1
00545.jpg,B00HZ5GHIC,1
00545.jpg,B00NVI6DFY,1
00546.jpg,B002EVCOCA,1
00546.jpg,B00JR0MXLI,1
00546.jpg,B01C3LEE9G,1
00546.jpg,B01CJLTSN2,3
00547.jpg,B002EVCOCA,1
00547.jpg,B00JR0MXLI,1
00547.jpg,B01C3LEE9G,1
00547.jpg,B01CJLTSN2,1
00548.jpg,B005NGGF7I,1
00548.jpg,B00OW2PNEU,1
00549.jpg,B000O7F2DO,2
00549.jpg,B0014WB5AW,6
00549.jpg,B005NGGF7I,1
00549.jpg,B00OW2PNEU,1
00550.jpg,B000O7F2DO,2
00550.jpg,B0014WB5AW,5
00550.jpg,B005NGGF7I,1
00550.jpg,B00OW2PNEU,1
00551.jpg,B00WIWXQYK,5
00552.jpg,B004GXJAY4,9
00552.jpg,B00JFP0574,3
00553.jpg,B004GXJAY4,8
00553.jpg,B00JFP0574,3
00554.jpg,B0018U02WW,1
00554.jpg,B003RWT31U,1
00554.jpg,B004PT19BQ,3
00554.jpg,B00RDUWO6I,2
00554.jpg,B00SWSE02G,1
00555.jpg,B003RWT31U,1
00555.jpg,B004PT19BQ,3
00555.jpg,B00RDUWO6I,2
00555.jpg,B00SWSE02G,1
00556.jpg,B003RWT31U,1
00556.jpg,B004PT19BQ,3
00556.jpg,B00RDUWO6I,2
00557.jpg,B007B2AES8,1
00557.jpg,B00MEDUO34,1
00557.jpg,B010PTPVNQ,1
00558.jpg,B01DZYL07E,1
00558.jpg,B01EHE8B5A,1
00559.jpg,B018E5OCBA,1
00559.jpg,B01DZYL07E,1
00559.jpg,B01EHE8B5A,1
00560.jpg,B00OLSBJOS,1
00560.jpg,B018E5OCBA,1
00560.jpg,B01DZYL07E,1
00560.jpg,B01EHE8B5A,1
00561.jpg,B000MCCLDA,2
00561.jpg,B007OY4HY0,1
00561.jpg,B01AWAH4U6,1
00562.jpg,B000MCCLDA,2
00562.jpg,B007OY4HY0,1
00563.jpg,B00AR105IE,1
00564.jpg,B000KL1M88,1
00564.jpg,B000NIGOBS,9
00565.jpg,B000KL1M88,1
00565.jpg,B000NIGOBS,9
00565.jpg,B00DQ1SI6I,2
00566.jpg,B002BWOQCS,1
00566.jpg,B00531EXCC,1
00567.jpg,B00MKBS1GW,1
00567.jpg,B013HSW4N2,1
00568.jpg,B013HSW4N2,1
00568.jpg,B0192XSVYM,2
00568.jpg,B01GV0MVYU,1
00569.jpg,B0017YGE8A,1
00569.jpg,B00JDQLX1C,45
00569.jpg,B00VL8SKAM,1
00569.jpg,B01789KK7I,1
00570.jpg,B0017YGE8A,1
00570.jpg,B00JDQLX1C,45
00570.jpg,B00VL8SKAM,1
00571.jpg,B00009R68V,1
00571.jpg,B012CSR78A,1
00571.jpg,B01ACABIOO,6
00572.jpg,B0176GZ4ZG,6
00573.jpg,B004V6QP6M,1
00573.jpg,B0176GZ4ZG,6
00574.jpg,B00VPRM6MC,2
00574.jpg,B01F23SHWM,1
00575.jpg,B00WFZAC7Y,2
00575.jpg,B011JKZ3K6,1
00576.jpg,B002H7L8WS,1
00576.jpg,B005LVJVYE,1
00576.jpg,B0074MWI20,1
00576.jpg,B00RG97Y2A,1
00576.jpg,B012MGSPOW,2
00577.jpg,B005LVJVYE,1
00577.jpg,B0074MWI20,1
00577.jpg,B00RG97Y2A,1
00577.jpg,B012MGSPOW,2
00578.jpg,B00KH5VN22,4
00579.jpg,B00KH5VN22,3
00580.jpg,B01A5BWS30,1
00581.jpg,B000FN105Q,1
00581.jpg,B003XRA7VY,2
00581.jpg,B0042DEYEO,1
00581.jpg,B005JFVF3M,1
00581.jpg,B00CFKJMNO,1
00581.jpg,B00L5O3A02,2
00581.jpg,B00ZASCP2I,8
00581.jpg,B015HDR2DM,1
00581.jpg,B01AOF5UEG,1
00581.jpg,B01EY1QZX6,1
00582.jpg,B009LZ6KDQ,2
00582.jpg,B00KIXC1CO,1
00582.jpg,B018DPJK3Q,8
00583.jpg,B009LZ6KDQ,2
00583.jpg,B00IE61B6Y,1
00583.jpg,B00KIXC1CO,1
00583.jpg,B018DPJK3Q,8
00584.jpg,B0052FXXPW,1
00584.jpg,B00VINVLL0,1
00585.jpg,B0125KUD7C,2
00586.jpg,B0125KUD7C,1
00587.jpg,B00RXYZ5UG,1
00587.jpg,B01CRXH5EQ,2
00588.jpg,B00RXYZ5UG,1
00588.jpg,B01CRXH5EQ,2
00588.jpg,B01GJDZZCO,3
00589.jpg,B001L1RFOG,1
00589.jpg,B005JRJE56,1
00589.jpg,B00654FH30,1
00589.jpg,B00F9IZZGC,3
00590.jpg,B005JRJE56,1
00590.jpg,B00654FH30,1
00590.jpg,B00F9IZZGC,3
00591.jpg,0761171894,3
00591.jpg,B00O2R1YRA,1
00591.jpg,B00RBUF1UG,2
00592.jpg,B0000DD2CX,1
00592.jpg,B0028RXHHG,1
00592.jpg,B003B671GQ,1
00592.jpg,B006T9ZX8U,2
00592.jpg,B01A05GTRM,1
00592.jpg,B01ANXQUAW,1
00592.jpg,B01C1XC2L8,11
00592.jpg,B01G3NA6TM,2
00593.jpg,B0000DD2CX,1
00593.jpg,B0028RXHHG,1
00593.jpg,B003B671GQ,1
00593.jpg,B006T9ZX8U,2
00593.jpg,B01ANXQUAW,1
00593.jpg,B01C1XC2L8,11
00593.jpg,B01G3NA6TM,2
00594.jpg,B01738S8XC,1
00595.jpg,B00SC4DD64,2
00595.jpg,B01738S8XC,1
00596.jpg,0470651733,1
00596.jpg,1118533844,2
00596.jpg,B011FN3NBS,1
00596.jpg,B01AQG9FGW,3
00597.jpg,0470651733,1
00597.jpg,1118533844,2
00597.jpg,B011FN3NBS,1
00597.jpg,B01AQG9FGW,1
00598.jpg,B00JE30GKS,2
00598.jpg,B00M55BMBE,1
00598.jpg,B00X2XXAWM,2
00598.jpg,B0150SODKE,4
00599.jpg,B00JE30GKS,2
00599.jpg,B00X2XXAWM,2
00599.jpg,B0150SODKE,4
00600.jpg,B00MV2Z3IE,2
00600.jpg,B00RFY3C2C,3
00600.jpg,B011GLWEN2,1
00601.jpg,B00APLKGA8,1
00601.jpg,B00J3YSXQC,1
00601.jpg,B01E889TUG,18
00602.jpg,B00APLKGA8,1
00602.jpg,B00J3YSXQC,1
00602.jpg,B01E889TUG,17
00603.jpg,0895552108,1
00603.jpg,B00096S49E,1
00603.jpg,B003NHN8YW,2
00603.jpg,B006JSGGXM,4
00603.jpg,B00GH8PYU0,1
00604.jpg,B0007KIFK0,1
00604.jpg,B00ASWNGVA,1
00604.jpg,B00Y4O82ZS,1
00605.jpg,B000GAWSDG,1
00605.jpg,B00WH1QCMA,1
00605.jpg,B00XIX64Q0,1
00606.jpg,B000GAWSDG,1
00606.jpg,B00PC7Q8JI,2
00606.jpg,B00WH1QCMA,1
00606.jpg,B00XIX64Q0,1
00607.jpg,B01667J218,1
00607.jpg,B01BWMDPF6,1
00608.jpg,B00C7OQXBW,1
00608.jpg,B01667J218,1
00608.jpg,B01BWMDPF6,1
00609.jpg,B003822IRA,4
00609.jpg,B00E6IWNC0,1
00609.jpg,B00RWK5P10,1
00610.jpg,B0042T62UM,1
00610.jpg,B00WH1RG70,1
00611.jpg,B009XQHTP6,2
00612.jpg,0135853982,1
00612.jpg,B00ST84ZLU,1
00612.jpg,B00WH1RSX2,1
00613.jpg,0135853982,1
00613.jpg,B004M15U12,1
00613.jpg,B00ST84ZLU,1
00613.jpg,B00WH1RSX2,1
00614.jpg,B003YB7050,1
00616.jpg,B00I5KUBXS,1
00616.jpg,B019XFKM6E,3
00617.jpg,B0001WB7JK,1
00617.jpg,B00ATZ9K0C,1
00617.jpg,B017ICJ63Y,4
00618.jpg,B0001WB7JK,1
00618.jpg,B017ICJ63Y,4
00619.jpg,B0045NRFVK,1
00619.jpg,B004DPOP7M,1
00619.jpg,B00XR02FXA,1
00620.jpg,B0045NRFVK,1
00620.jpg,B004DPOP7M,1
00621.jpg,B0045NRFVK,1
00621.jpg,B004DPOP7M,1
00621.jpg,B00EJU3SWY,2
00622.jpg,B00JJQ984K,2
00623.jpg,B00JJQ984K,2
00623.jpg,B01F6NLOCI,6
00624.jpg,B000NI93AW,1
00624.jpg,B00A6VWMYK,2
00624.jpg,B00A7POLW6,1
00624.jpg,B00O1YEEAS,3
00624.jpg,B019H2K858,2
00624.jpg,B01CU700NM,4
00625.jpg,B000NI93AW,1
00625.jpg,B00A7POLW6,1
00625.jpg,B019H2K858,2
00625.jpg,B01CU700NM,4
00626.jpg,B00B0GIHZI,1
00626.jpg,B00K2RY8H2,1
00627.jpg,B004HIZFPQ,1
00627.jpg,B00MAOK7CK,1
00628.jpg,B00MAOK7CK,1
00629.jpg,B000ZPIMB4,2
00629.jpg,B0014X2UAK,1
00629.jpg,B00B9LGJNG,1
00629.jpg,B00Q651N5Y,1
00629.jpg,B016BGFXOY,1
00630.jpg,B002138O4I,1
00630.jpg,B00MGBMIEW,4
00631.jpg,1565495306,1
00631.jpg,B00LC8UOXW,2
00631.jpg,B00YLAWEV8,1
00632.jpg,B004NZRTCU,1
00632.jpg,B00KTTMKBO,1
00632.jpg,B00T91ZISU,1
00633.jpg,B00S4OGOWM,3
00634.jpg,B00S4OGOWM,1
00635.jpg,B00F9YUDEK,1
00635.jpg,B01FZ0WPEI,1
00636.jpg,B00F9YUDEK,1
00636.jpg,B00S9QPHIC,1
00636.jpg,B00W959OM4,1
00636.jpg,B01FZ0WPEI,1
00637.jpg,0002624028,1
00637.jpg,B00125Q75Y,2
00637.jpg,B010W2ODH6,1
00638.jpg,0002624028,1
00638.jpg,B00125Q75Y,2
00638.jpg,B004MNO8HC,1
00638.jpg,B010W2ODH6,1
00639.jpg,1285094085,1
00639.jpg,B00JORHNMI,1
00639.jpg,B00Y5PTW8W,1
00640.jpg,1285094085,1
00640.jpg,B00JORHNMI,1
00641.jpg,B005XWR5NA,1
00641.jpg,B00ED3GU1I,4
00641.jpg,B01BNJL3KC,1
00642.jpg,B005XWR5NA,1
00642.jpg,B00ED3GU1I,3
00642.jpg,B01AM7WF4O,3
00642.jpg,B01BNJL3KC,1
00643.jpg,B005XWR5NA,1
00643.jpg,B00ED3GU1I,3
00643.jpg,B01AM7WF4O,1
00643.jpg,B01BNJL3KC,1
00644.jpg,B00AW6YBAM,1
00644.jpg,B00YNKGPIO,1
00644.jpg,B00ZD8JE3S,6
00644.jpg,B013G9COFK,1
00644.jpg,B013N8MAK8,1
00645.jpg,1259588688,6
00646.jpg,1259588688,5
00647.jpg,B000E347DY,1
00647.jpg,B004G9C0SQ,1
00647.jpg,B018OR0ZE6,3
00648.jpg,B000E347DY,1
00648.jpg,B004G9C0SQ,1
00648.jpg,B018OR0ZE6,2
00649.jpg,B0040V20X0,1
00649.jpg,B00SB94W6A,1
00650.jpg,B00SB94W6A,1
00651.jpg,B000IIYKUK,1
00651.jpg,B001DW69TA,1
00652.jpg,B000067SR9,1
00652.jpg,B000IIYKUK,1
00652.jpg,B001DW69TA,1
00653.jpg,B0171F4ULQ,1
00654.jpg,B000CN4ZQK,3
00654.jpg,B0171F4ULQ,1
00655.jpg,B008H5B95A,1
00655.jpg,B00S2G0E64,2
00655.jpg,B01FTHT4BO,1
00656.jpg,B004GHIEZQ,1
00656.jpg,B01CUUG5BU,3
00657.jpg,B01CUUG5BU,3
00658.jpg,0143127535,2
00658.jpg,0192805681,1
00658.jpg,0300091052,1
00658.jpg,0670832650,1
00658.jpg,1297643631,1
00658.jpg,1567690955,1
00658.jpg,1567691803,1
00658.jpg,B00075146W,3
00658.jpg,B0018OAOYY,1
00658.jpg,B019Z30HTQ,1
00659.jpg,0143127535,2
00659.jpg,0192805681,1
00659.jpg,0300091052,1
00659.jpg,0670832650,1
00659.jpg,1297643631,1
00659.jpg,1567690955,1
00659.jpg,1567691803,1
00659.jpg,B00075146W,3
00659.jpg,B019Z30HTQ,1
00660.jpg,B001F1W8N0,1
00660.jpg,B001JKTTVQ,2
00660.jpg,B004EKRJG0,1
00660.jpg,B009FN5W1U,1
00660.jpg,B00VI51622,1
00661.jpg,B001F1W8N0,1
00661.jpg,B001JKTTVQ,2
00661.jpg,B004EKRJG0,1
00661.jpg,B00VI51622,1
00662.jpg,1133587496,1
00662.jpg,B01A7VVIEI,1
00662.jpg,B01BD6DZDI,2
00663.jpg,B000068ZVQ,2
00663.jpg,B002WB8X1S,1
00663.jpg,B00D901B4W,4
00663.jpg,B01EXB8KA8,4
00664.jpg,B000068ZVQ,2
00664.jpg,B002WB8X1S,1
00664.jpg,B00D901B4W,4
00666.jpg,B0002DHZKS,3
00667.jpg,B00GMWB34M,1
00669.jpg,B002XJVOCE,31
00670.jpg,B002XJVOCE,31
00670.jpg,B00N2VISLW,2
00671.jpg,B0155KHDZO,1
00671.jpg,B016IHDBFY,2
00671.jpg,B01C308RG8,2
00672.jpg,B00W18GK5I,1
00673.jpg,B00W18GK5I,1
00673.jpg,B01GYGT3RO,7
00674.jpg,1441820396,2
00674.jpg,6305327084,1
00674.jpg,B002Q7VPIG,3
00674.jpg,B01CYWM5B8,1
00675.jpg,B003EVOB6Q,1
00675.jpg,B00Q5HIMZC,6
00676.jpg,B002LHA74O,3
00676.jpg,B00QYIVWOU,1
00676.jpg,B00SO7HLEY,1
00677.jpg,B002LHA74O,3
00677.jpg,B00SO7HLEY,1
00678.jpg,B0056APFTK,1
00678.jpg,B008Q7IOD4,2
00678.jpg,B009NAOEO6,1
00678.jpg,B01AXI796G,1
00679.jpg,B0056APFTK,1
00679.jpg,B008Q7IOD4,1
00679.jpg,B009NAOEO6,1
00679.jpg,B01AXI796G,1
00680.jpg,B0044ZSMOI,1
00680.jpg,B00I8G4WIY,1
00680.jpg,B01FC7O114,2
00681.jpg,B003AIM52A,2
00681.jpg,B0044ZSMOI,1
00681.jpg,B00I8G4WIY,1
00681.jpg,B01FC7O114,2
00682.jpg,B0011YQR6U,1
00682.jpg,B013HUMBZ6,19
00683.jpg,B0011YQR6U,1
00683.jpg,B013HUMBZ6,15
00684.jpg,B00181UEHY,1
00684.jpg,B003WHF148,8
00684.jpg,B00O9GW8VK,1
00685.jpg,B00181UEHY,1
00685.jpg,B003WHF148,6
00685.jpg,B00O9GW8VK,1
00686.jpg,B001IZGU6O,1
00686.jpg,B004VTG6H2,1
00686.jpg,B00HWFNWMO,1
00686.jpg,B00OIMYDAO,1
00686.jpg,B013UJS35G,1
00686.jpg,B01BUFDQA4,2
00687.jpg,B001IZGU6O,1
00687.jpg,B00HWFNWMO,1
00687.jpg,B00OIMYDAO,1
00687.jpg,B013UJS35G,1
00687.jpg,B01BUFDQA4,2
00688.jpg,B0002AHY6Q,1
00688.jpg,B00XLM23QS,1
00689.jpg,B0041WYRV6,1
00689.jpg,B00Q6E6OH2,1
00689.jpg,B01FPB7BFK,1
00690.jpg,B00APTJ5WU,2
00690.jpg,B01CAT2I30,3
00691.jpg,B002IMW8O4,1
00691.jpg,B0048DS1XI,1
00691.jpg,B015CY8YPG,2
00692.jpg,B000WSLF0E,5
00692.jpg,B016IRR7S6,1
00693.jpg,B000WSLF0E,5
00693.jpg,B008DCWTYC,1
00693.jpg,B00JBJDKNK,1
00694.jpg,B00026BMBI,1
00694.jpg,B0071V7WOS,1
00694.jpg,B00CQHZ2LW,2
00695.jpg,B00026BMBI,1
00695.jpg,B00CQHZ2LW,2
00696.jpg,B0009GZNIY,2
00696.jpg,B00VTCBQS8,1
00697.jpg,B0009GZNIY,2
00698.jpg,B001BQTA2G,2
00698.jpg,B001ETR7CK,1
00698.jpg,B002HJ916G,1
00698.jpg,B003MYA66E,1
00698.jpg,B004DI0LQ8,2
00698.jpg,B01C297Z2W,1
00699.jpg,B001ETR7CK,1
00699.jpg,B002HJ916G,1
00699.jpg,B003MYA66E,1
00699.jpg,B004DI0LQ8,2
00699.jpg,B01C297Z2W,1
00700.jpg,B00V2VF86W,1
00700.jpg,B00XLB0EOW,1
00701.jpg,B00UIG6G68,2
00702.jpg,039330034X,1
00702.jpg,B001D5F3RG,1
00702.jpg,B0025X4P0Q,2
00702.jpg,B0028X6KP6,2
00702.jpg,B0042J0YB0,2
00702.jpg,B004LWL0Z2,1
00702.jpg,B0074LIVUY,1
00702.jpg,B007OCD1NK,2
00702.jpg,B014JVFHPS,1
00703.jpg,039330034X,1
00703.jpg,B001D5F3RG,1
00703.jpg,B0025X4P0Q,2
00703.jpg,B0028X6KP6,1
00703.jpg,B0042J0YB0,2
00703.jpg,B004LWL0Z2,1
00703.jpg,B0074LIVUY,1
00703.jpg,B007OCD1NK,2
00703.jpg,B014JVFHPS,1
00705.jpg,B00BPNESFY,4
00706.jpg,B00ATZ9K0C,1
00706.jpg,B00O070BMG,1
00707.jpg,B003YFGL42,1
00707.jpg,B015PGKDVO,2
00708.jpg,0307985954,3
00708.jpg,1401243126,1
00708.jpg,1879794500,1
00708.jpg,B015PGKDVO,2
00709.jpg,B000GAZBPI,1
00709.jpg,B000VDVUA0,4
00710.jpg,B00NG87OIY,1
00711.jpg,B00855VAAG,1
00711.jpg,B014OV0UIM,4
00711.jpg,B01B7P13GQ,1
00712.jpg,B00855VAAG,1
00712.jpg,B014OV0UIM,3
00712.jpg,B01B7P13GQ,1
00713.jpg,B002O0D8P8,5
00713.jpg,B00IP27DFA,3
00713.jpg,B01BTQU9L8,1
00714.jpg,B0012UPCX2,3
00714.jpg,B004BLXG5U,2
00714.jpg,B00ANL563W,1
00714.jpg,B018R2UGQ0,1
00715.jpg,B0012UPCX2,1
00715.jpg,B004BLXG5U,2
00715.jpg,B00ANL563W,1
00715.jpg,B018R2UGQ0,1
00716.jpg,B005SO8SPC,2
00716.jpg,B012YNLW6G,2
00716.jpg,B01CU3A7UC,1
00717.jpg,B000MR8W92,5
00717.jpg,B004I5OXLK,1
00718.jpg,B0008GMGZ8,1
00718.jpg,B00O8RVB90,4
00719.jpg,0939343320,1
00719.jpg,B00029MTMQ,2
00719.jpg,B018Z735TM,6
00720.jpg,0939343320,1
00720.jpg,B00029MTMQ,2
00720.jpg,B018Z735TM,5
00721.jpg,B0171ALPXW,1
00721.jpg,B017RCAIZK,1
00722.jpg,B003M6OQKE,1
00722.jpg,B0171ALPXW,1
00722.jpg,B017RCAIZK,1
00723.jpg,B00VSCDC6S,1
00724.jpg,B00VSCDC6S,1
00724.jpg,B019FHWGJQ,2
00724.jpg,B01CA8YL72,1
00725.jpg,B0026IB9G8,2
00725.jpg,B00DXML77W,1
00725.jpg,B00IZZN7VG,2
00726.jpg,B0026IB9G8,2
00726.jpg,B00IZZN7VG,2
00727.jpg,B00S56CBGW,1
00727.jpg,B00VTL8YYS,1
00728.jpg,B00252JBQU,1
00728.jpg,B00S56CBGW,1
00728.jpg,B00VTL8YYS,1
00729.jpg,B00S56CBGW,1
00729.jpg,B00VTL8YYS,1
00730.jpg,B001GNBK4A,1
00730.jpg,B00IBRKH7A,4
00730.jpg,B014EUR70M,2
00731.jpg,B001GNBK4A,1
00731.jpg,B00IBRKH7A,3
00731.jpg,B014EUR70M,2
00732.jpg,0345418921,1
00732.jpg,0393319296,1
00732.jpg,B00I1AUH6S,1
00732.jpg,B00M11NF62,1
00733.jpg,0345418921,1
00733.jpg,0393319296,1
00733.jpg,0679882030,1
00733.jpg,0817318852,1
00733.jpg,0831400684,1
00733.jpg,1557256098,4
00733.jpg,B00I1AUH6S,1
00733.jpg,B00M11NF62,1
00734.jpg,B00CQ55TUI,2
00734.jpg,B00VAROBCU,1
00734.jpg,B01B1PMGLI,1
00735.jpg,B00VAROBCU,1
00735.jpg,B01B1PMGLI,1
00736.jpg,0891075615,2
00736.jpg,B00322FNPK,1
00736.jpg,B0108Z7I9M,6
00737.jpg,0891075615,2
00737.jpg,B0108Z7I9M,6
00738.jpg,B009NFFYWM,1
00738.jpg,B00CE021DS,1
00738.jpg,B013FLT4TI,1
00738.jpg,B017NQWMRW,1
00739.jpg,B00006JNK2,2
00739.jpg,B009NFFYWM,1
00739.jpg,B00CE021DS,1
00739.jpg,B013FLT4TI,1
00740.jpg,B00D7H9LIA,2
00740.jpg,B01FM13SWI,1
00741.jpg,B00D7H9LIA,2
00743.jpg,B00NGLAIO8,1
00744.jpg,B00NGLAIO8,1
00744.jpg,B00VP4GYL4,1
00745.jpg,0312565631,1
00745.jpg,125002319X,2
00745.jpg,1936493837,2
00746.jpg,125002319X,2
00746.jpg,1936493837,2
00747.jpg,B0015ZZ1H6,3
00747.jpg,B00B5LIE4C,1
00748.jpg,B0015ZZ1H6,3
00748.jpg,B003LVZO8S,1
00748.jpg,B00B5LIE4C,1
00749.jpg,0815344546,1
00749.jpg,B00GMGBAHI,2
00749.jpg,B011PMD670,1
00750.jpg,0815344546,1
00750.jpg,B00DXRHQK4,1
00750.jpg,B00GMGBAHI,2
00750.jpg,B00VHZ52S2,1
00750.jpg,B011PMD670,1
00750.jpg,B01GXFL7JI,1
00750.jpg,B01GXFQ5FE,1
00751.jpg,B00A7RXD2I,1
00751.jpg,B00INR3TYQ,4
00751.jpg,B00T4NQHQU,1
00751.jpg,B01AOSE5PI,1
00752.jpg,B00A7RXD2I,1
00752.jpg,B00T4NQHQU,1
00752.jpg,B01AOSE5PI,1
00753.jpg,B000KPJEZC,2
00753.jpg,B019XLGKXC,2
00754.jpg,B000KPJEZC,2
00754.jpg,B019XLGKXC,1
00754.jpg,B01GSR5AOE,4
00755.jpg,B000KPJEZC,2
00755.jpg,B01GSR5AOE,4
00756.jpg,B00K589F8A,1
00756.jpg,B00VQO3VCS,1
00756.jpg,B01BVWS47Q,1
00756.jpg,B01CZW3B6U,2
00757.jpg,B00VQO3VCS,1
00757.jpg,B01BVWS47Q,1
00757.jpg,B01CZW3B6U,1
00757.jpg,B01GVKKPM0,9
00758.jpg,B014QP9B7C,6
00759.jpg,0023541458,1
00759.jpg,B00LTYZSLC,1
00759.jpg,B00U190D1Q,1
00760.jpg,B000EQQM66,1
00760.jpg,B0045VKF5K,2
00760.jpg,B019GQID6G,1
00760.jpg,B01ATYEC2I,1
00761.jpg,B000EQQM66,1
00761.jpg,B0045VKF5K,2
00761.jpg,B00C0JPJIC,1
00761.jpg,B019GQID6G,1
00761.jpg,B01ATYEC2I,1
00762.jpg,0778316424,1
00762.jpg,1880685329,1
00762.jpg,B00KRF3CYO,4
00763.jpg,B00XJXKN84,3
00763.jpg,B012YZ8DBG,6
00764.jpg,B00XJXKN84,3
00764.jpg,B012YZ8DBG,6
00764.jpg,B01CPKAT9O,1
00765.jpg,B001KUSKUQ,1
00765.jpg,B003NYDUTI,1
00766.jpg,B001KUSKUQ,1
00766.jpg,B003NYDUTI,1
00766.jpg,B01EM8RQLG,2
00767.jpg,B009G7Z3XM,1
00767.jpg,B00THRB1Q4,1
00767.jpg,B00YNZK4OU,1
00767.jpg,B01AWRD0HK,10
00768.jpg,B00THRB1Q4,1
00768.jpg,B00YNZK4OU,1
00768.jpg,B01AWRD0HK,10
00769.jpg,B01BVSDLKA,1
00769.jpg,B01D3JN8W6,1
00770.jpg,B01D3JN8W6,1
00771.jpg,B0000CFNE3,1
00771.jpg,B00BPBLMCS,9
00771.jpg,B00P9W4GDQ,1
00771.jpg,B00R8MF8O6,1
00772.jpg,B01ATGTRD0,10
00773.jpg,B004S8F7QM,1
00773.jpg,B00FK6RIDQ,3
00774.jpg,B004S8F7QM,1
00774.jpg,B00FK6RIDQ,2
00775.jpg,B002YI6ZI2,6
00775.jpg,B005UW7MC2,1
00775.jpg,B00U2YWDD6,4
00776.jpg,B002YI6ZI2,6
00776.jpg,B005UW7MC2,1
00776.jpg,B00U2YWDD6,3
00777.jpg,B00F8P624K,1
00777.jpg,B01GKMICM4,1
00778.jpg,B001ET5YVG,2
00778.jpg,B005H3PG4U,1
00778.jpg,B01BPEVE7C,2
00779.jpg,B005H3PG4U,1
00779.jpg,B01BPEVE7C,2
00780.jpg,B000CCW2V6,1
00780.jpg,B01AL1UO3U,1
00781.jpg,B0141N87ME,1
00781.jpg,B01772MH7C,4
00782.jpg,B0141N87ME,1
00782.jpg,B01772MH7C,4
00782.jpg,B01DDEHPTS,2
00783.jpg,B00T595B7E,2
00783.jpg,B017OQ1RB8,6
00784.jpg,B00BM8VX0K,1
00784.jpg,B00N1G17GG,8
00784.jpg,B00ZPCMKL0,1
00784.jpg,B013E1R9DW,1
00784.jpg,B015JQ62RY,1
00784.jpg,B018IZ0VLQ,1
00785.jpg,B008R9M342,1
00785.jpg,B00AT1G32Y,1
00785.jpg,B00G1RFWZO,1
00786.jpg,B0007KI6OU,1
00786.jpg,B008R9M342,1
00786.jpg,B00AT1G32Y,1
00786.jpg,B00G1RFWZO,1
00787.jpg,B004YK5TNK,1
00787.jpg,B0086UK7IQ,1
00788.jpg,0847846334,1
00788.jpg,B00208PWRQ,1
00788.jpg,B00485MJG6,1
00788.jpg,B00AMNKV9K,1
00788.jpg,B00OW8ROCS,1
00788.jpg,B016BELPFM,1
00789.jpg,0847846334,1
00789.jpg,B00485MJG6,1
00789.jpg,B00AMNKV9K,1
00789.jpg,B00OW8ROCS,1
00789.jpg,B016BELPFM,1
00790.jpg,B00EBB6NAU,1
00790.jpg,B00G993GUC,2
00791.jpg,B00EBB6NAU,1
00791.jpg,B00G993GUC,1
00792.jpg,B00SIS1IPW,11
00793.jpg,B00CDJH4XC,1
00793.jpg,B00SIS1IPW,11
00794.jpg,B007JWK30E,1
00794.jpg,B01BIB5OI2,1
00795.jpg,B003LQZKIC,3
00795.jpg,B007JWK30E,1
00795.jpg,B01996Z6GI,5
00795.jpg,B01BIB5OI2,1
00796.jpg,B01AVF6UO8,2
00797.jpg,B00114VV3E,4
00797.jpg,B01AVF6UO8,2
00798.jpg,B00114VV3E,2
00798.jpg,B01AVF6UO8,2
00799.jpg,B001EQ4DXE,1
00799.jpg,B00ATDA8C8,1
00799.jpg,B00Y20X6BE,3
00799.jpg,B017NI2TPU,1
00799.jpg,B01E7K52XS,5
00800.jpg,B001EQ4DXE,1
00800.jpg,B00ATDA8C8,1
00800.jpg,B00Y20X6BE,2
00800.jpg,B017NI2TPU,1
00800.jpg,B01E7K52XS,5
00801.jpg,B009CI5Y02,2
00802.jpg,B009CI5Y02,2
00802.jpg,B01BLZ44J0,1
00803.jpg,B009AA2FAY,2
00803.jpg,B01BDT61RC,1
00804.jpg,B01BDT61RC,1
00805.jpg,B00GHYKQU2,1
00805.jpg,B00NUC8UO8,1
00806.jpg,B00GHYKQU2,1
00807.jpg,B0027IQC78,1
00807.jpg,B00GHYKQU2,1
00808.jpg,B00CAZAU62,6
00809.jpg,B010LP80YG,2
00809.jpg,B015J4I51M,1
00810.jpg,B010ITBPXS,1
00810.jpg,B010LP80YG,2
00810.jpg,B015J4I51M,1
00811.jpg,B00NBXS08M,1
00811.jpg,B016T9L46O,1
00811.jpg,B019W307NA,2
00812.jpg,0132836726,1
00812.jpg,0133450899,1
00812.jpg,B008YA1ZXO,1
00813.jpg,0062466348,6
00813.jpg,0132836726,1
00813.jpg,0133450899,1
00814.jpg,B00IJFFF1M,1
00814.jpg,B013HIBZZK,3
00814.jpg,B018YNOEX8,2
00815.jpg,B001UN6U0U,1
00815.jpg,B0060KTZ0A,1
00815.jpg,B00BFID4Z4,2
00815.jpg,B00LVN3R3W,1
00815.jpg,B00ON1GUCY,1
00815.jpg,B00OQ0RG66,1
00815.jpg,B00UFGBWVK,1
00815.jpg,B00V9VNALA,1
00816.jpg,B0000AY9W6,1
00817.jpg,B016A9SR9K,17
00818.jpg,B008OFGXEK,2
00818.jpg,B00SG16TIC,1
00819.jpg,B008OFGXEK,1
00819.jpg,B00SG16TIC,1
00820.jpg,B0012LOQUQ,4
00820.jpg,B00IAC5UKU,1
00820.jpg,B017DJUZMI,1
00821.jpg,B000KKTGO6,1
00821.jpg,B0012LOQUQ,4
00821.jpg,B00BZMNZQS,1
00821.jpg,B00IAC5UKU,1
00821.jpg,B017DJUZMI,1
00822.jpg,B000JEUPF2,1
00822.jpg,B001CD1AO4,3
00822.jpg,B019BUJ7YY,1
00823.jpg,B001CD1AO4,3
00823.jpg,B019BUJ7YY,1
00824.jpg,B00EXU3RBC,5
00824.jpg,B00SG990WQ,2
00824.jpg,B01AWGYBYM,1
00825.jpg,B00B7LQ73U,1
00825.jpg,B015OU8W3M,4
00826.jpg,B013TOWZ9C,1
00826.jpg,B017QZ571I,1
00826.jpg,B01CGGW918,3
00827.jpg,B000F4H5GI,1
00827.jpg,B013TOWZ9C,1
00827.jpg,B017QZ571I,1
00827.jpg,B01CGGW918,3
00828.jpg,B013TOWZ9C,1
00828.jpg,B017QZ571I,1
00828.jpg,B01CGGW918,3
00829.jpg,B00CN8AGE2,2
00829.jpg,B01BBG7Q1W,1
00830.jpg,B00CN8AGE2,1
00830.jpg,B01BBG7Q1W,1
00831.jpg,B00E68O4JU,2
00831.jpg,B00PZ6FG3K,2
00832.jpg,B010DLUNHK,2
00833.jpg,B01E6TKJP6,3
00834.jpg,B001UE6N7O,1
00834.jpg,B00B0LF45Y,2
00834.jpg,B00TBJWR0M,1
00834.jpg,B00Y1LKPUO,1
00834.jpg,B01FFQI5Y6,3
00835.jpg,B00EAHXYDO,1
00835.jpg,B015UKPIHO,1
00836.jpg,0133985008,1
00836.jpg,B001OYQ4QK,2
00836.jpg,B0162ELHZE,1
00837.jpg,0133985008,1
00837.jpg,B001OYQ4QK,2
00838.jpg,B000YDVRH8,5
00838.jpg,B01AIEVA9C,1
00839.jpg,B000VXUUR4,1
00839.jpg,B00NEN0M5S,1
00839.jpg,B00WB75TWE,1
00839.jpg,B018PSK9LS,1
00840.jpg,0062073508,3
00840.jpg,B003ZNITJS,1
00840.jpg,B00AESJ1MG,1
00841.jpg,B0073XGI3K,1
00841.jpg,B009VBQRW4,5
00841.jpg,B011BVZOKC,4
00842.jpg,B0073XGI3K,1
00842.jpg,B009VBQRW4,5
00842.jpg,B011BVZOKC,3
00843.jpg,B000F8TFHQ,2
00843.jpg,B0177V0HMA,1
00844.jpg,B00000IWDE,1
00844.jpg,B012I85QDC,3
00845.jpg,B00000IWDE,1
00845.jpg,B0012N5OT6,5
00845.jpg,B012I85QDC,3
00846.jpg,B00MS4WRVQ,1
00847.jpg,B00MS4WRVQ,1
00847.jpg,B00QEE2QUI,1
00848.jpg,B009WX55T2,1
00848.jpg,B00D7KFWVW,1
00848.jpg,B00ZAV6F7G,1
00848.jpg,B0191SIUT4,1
00849.jpg,1556523777,1
00849.jpg,161547997X,3
00849.jpg,B010NAIE1I,1
00850.jpg,1556523777,1
00850.jpg,161547997X,2
00850.jpg,B010NAIE1I,1
00851.jpg,B000LVGFDO,2
00851.jpg,B01264294M,1
00852.jpg,B01264294M,1
00853.jpg,B00OT7PJ60,4
00853.jpg,B01B755CV8,2
00854.jpg,B00OT7PJ60,3
00854.jpg,B01B755CV8,2
00855.jpg,B000R41QDY,1
00855.jpg,B00A5MTW9S,6
00855.jpg,B00K5TFO98,1
00856.jpg,B000R41QDY,1
00856.jpg,B00A5MTW9S,6
00857.jpg,0743225503,1
00857.jpg,B014SF6MBI,1
00858.jpg,B014SF6MBI,1
00859.jpg,B010POXO80,2
00859.jpg,B01H2E0J5M,1
00860.jpg,B010POXO80,2
00861.jpg,B000IUY2GA,2
00861.jpg,B00A121WN6,2
00862.jpg,B000IUY2GA,2
00863.jpg,080362977X,1
00863.jpg,B00K73BOTG,1
00863.jpg,B00YXTUO7S,1
00864.jpg,B002WTCK0U,1
00864.jpg,B009KRATRI,1
00864.jpg,B00MEV65FC,1
00865.jpg,B002WTCK0U,1
00865.jpg,B009KRATRI,1
00866.jpg,B00KR9OR3U,1
00866.jpg,B00RMM6OFE,1
00866.jpg,B00W49OK6A,2
00867.jpg,B00167XN14,1
00867.jpg,B00KR9OR3U,1
00867.jpg,B00RMM6OFE,1
00868.jpg,B016W9T5O4,1
00869.jpg,B0142MCDOW,1
00869.jpg,B016W9T5O4,1
00870.jpg,B005H3GXOM,1
00870.jpg,B00YU3ZVPM,1
00871.jpg,B005KG7EDU,9
00871.jpg,B00YU3ZVPM,1
00872.jpg,0060580860,1
00872.jpg,0829413804,1
00872.jpg,B00B4L3HH2,1
00872.jpg,B014PYG082,2
00873.jpg,0060580860,1
00873.jpg,0829413804,1
00873.jpg,B006Z5B6EI,3
00873.jpg,B00B4L3HH2,1
00873.jpg,B014PYG082,2
00874.jpg,B000FN1WTA,1
00874.jpg,B000RI6C7K,12
00875.jpg,B000RI6C7K,12
00876.jpg,B000RI6C7K,12
00876.jpg,B005H4I6SC,1
00877.jpg,B00TDP7JI4,1
00877.jpg,B00UCE9SYS,3
00878.jpg,B00F3IVOEA,1
00878.jpg,B00XZEV22S,1
00879.jpg,B00XZEV22S,1
00880.jpg,B001O06BGM,1
00880.jpg,B00TZED62Q,6
00880.jpg,B019DWH2YW,1
00881.jpg,B00TZED62Q,6
00881.jpg,B019DWH2YW,1
00882.jpg,B000MU5MKG,1
00882.jpg,B0026KEF12,2
00882.jpg,B00HYV2GKA,1
00882.jpg,B00K1LNP2S,1
00882.jpg,B00TOJPXDW,1
00883.jpg,B0026KEF12,2
00883.jpg,B00HYV2GKA,1
00883.jpg,B00K1LNP2S,1
00883.jpg,B00TOJPXDW,1
00884.jpg,B000A0LE6O,4
00885.jpg,B000A0LE6O,4
00885.jpg,B0050SW2NA,3
00885.jpg,B00K5B7AZW,3
00885.jpg,B00V5MFJXK,1
00886.jpg,B00BD1NTTY,1
00886.jpg,B01AJL17BA,1
00887.jpg,B00KM1AV5Q,1
00887.jpg,B00WDSMV0Y,1
00887.jpg,B00XKJOZL8,1
00887.jpg,B00XVB48E4,2
00887.jpg,B01G4M3QOO,1
00888.jpg,B00WDSMV0Y,1
00888.jpg,B00XKJOZL8,1
00888.jpg,B00XVB48E4,2
00888.jpg,B01G4M3QOO,1
00889.jpg,B014W5CC04,2
00889.jpg,B016KDLSII,1
00889.jpg,B01BHMJJIS,3
00890.jpg,B014W5CC04,2
00890.jpg,B016KDLSII,1
00890.jpg,B01BHMJJIS,2
00891.jpg,B0006HVUSS,2
00891.jpg,B00WKUCIK8,5
00892.jpg,B004XWKZTW,1
00892.jpg,B01183IPS6,6
00892.jpg,B013RK6R42,1
00893.jpg,B000XCZGPE,1
00893.jpg,B008P731LK,1
00893.jpg,B008TKRG5A,2
00893.jpg,B016IR0FNU,1
00893.jpg,B019GD13I4,2
00894.jpg,B000FPAIEI,1
00894.jpg,B01CEAYX38,1
00894.jpg,B01E0ZKJ1U,1
00895.jpg,B000FPAIEI,1
00895.jpg,B003TQ1T1Q,2
00895.jpg,B01CEAYX38,1
00895.jpg,B01E0ZKJ1U,1
00896.jpg,B00C2BGIWE,1
00896.jpg,B00KQ3UH18,1
00896.jpg,B016LBWC7A,2
00896.jpg,B019VJZBDG,1
00897.jpg,B00C2BGIWE,1
00897.jpg,B016LBWC7A,2
00897.jpg,B019VJZBDG,1
00899.jpg,B00K087BM2,2
00900.jpg,B018K1FCU8,1
00900.jpg,B01FZA2PYS,1
00901.jpg,B01FZA2PYS,1
00902.jpg,1579656684,1
00902.jpg,B00025K0TY,2
00902.jpg,B007SZEJFW,1
00903.jpg,1579656684,1
00903.jpg,B00025K0TY,2
00904.jpg,B00DBDPOZ4,4
00905.jpg,B00DBDPOZ4,3
00906.jpg,B015QZMHQS,5
00907.jpg,B015QZMHQS,4
00908.jpg,B0009F3RQA,1
00908.jpg,B00M0SP26C,2
00909.jpg,B002KSKTG0,1
00909.jpg,B009LMLTR6,1
00909.jpg,B00PSZLHWM,1
00909.jpg,B00UUCE2QG,1
00910.jpg,B002KSKTG0,1
00910.jpg,B00PSZLHWM,1
00910.jpg,B00UUCE2QG,1
00911.jpg,B002KSKTG0,1
00911.jpg,B00PSZLHWM,1
00911.jpg,B00UUCE2QG,1
00911.jpg,B01CL1PL40,1
00912.jpg,B01F2IKO64,1
00913.jpg,B01EUC7NAI,1
00913.jpg,B01F2IKO64,1
00914.jpg,B000PH0684,1
00914.jpg,B01DXVJXKU,5
00915.jpg,B000PH0684,1
00915.jpg,B018ZA35Z8,1
00915.jpg,B01DXVJXKU,5
00916.jpg,B0009ZAA4C,1
00916.jpg,B0013G040G,1
00917.jpg,B0009ZAA4C,1
00918.jpg,B018RUP3V0,1
00919.jpg,B00066ISE8,1
00919.jpg,B018RUP3V0,1
00920.jpg,B014UT1000,1
00922.jpg,B0170VLBMC,1
00922.jpg,B01AV62RF8,1
00923.jpg,B0170VLBMC,1
00924.jpg,B003RCGPCK,1
00925.jpg,B000NQM9UU,1
00925.jpg,B000QCPNYA,2
00925.jpg,B00EPIWYDY,1
00925.jpg,B017RU8B9C,4
00926.jpg,B000NQM9UU,1
00926.jpg,B000QCPNYA,2
00926.jpg,B017RU8B9C,4
00927.jpg,B00EMHUL10,1
00927.jpg,B00TGNOP44,1
00928.jpg,0448455943,1
00928.jpg,0763734160,1
00928.jpg,1426300107,1
00928.jpg,1449645755,2
00928.jpg,1556203292,1
00928.jpg,1556203322,1
00928.jpg,B00820ZVYU,3
00929.jpg,B018R6493W,5
00930.jpg,B001E52VJS,1
00930.jpg,B018R6493W,5
00931.jpg,B000PB26Q0,3
00931.jpg,B004V96CLC,1
00931.jpg,B00G6DEMYU,1
00932.jpg,B00A0M5NRS,4
00932.jpg,B0179JX8GC,5
00933.jpg,B00UALWPCA,1
00933.jpg,B012K3XE9S,1
00933.jpg,B014TE51C4,1
00934.jpg,B012K3XE9S,1
00934.jpg,B014TE51C4,1
00935.jpg,B0073HQOU8,1
00935.jpg,B012K3XE9S,1
00935.jpg,B014TE51C4,1
00936.jpg,B00B1BSAOA,1
00936.jpg,B00DC87RSA,6
00937.jpg,1285454316,1
00937.jpg,B004QMRK1K,3
00937.jpg,B013JT4D88,1
00938.jpg,1285454316,1
00938.jpg,B004QMRK1K,3
00938.jpg,B005K8AVEM,1
00938.jpg,B013JT4D88,1
00939.jpg,1285454316,1
00939.jpg,B004QMRK1K,3
00939.jpg,B013JT4D88,1
00940.jpg,B001FFL8RI,2
00940.jpg,B00G9E1GYA,1
00940.jpg,B01EKBKFWM,1
00941.jpg,B001FFL8RI,2
00941.jpg,B01EKBKFWM,1
00942.jpg,B002KAOAYA,2
00942.jpg,B00KOW827M,1
00943.jpg,B002KAOAYA,2
00944.jpg,B00AWRUICG,1
00944.jpg,B00MVN8WPY,1
00945.jpg,B00MVN8WPY,1
00946.jpg,B000G71HYA,1
00946.jpg,B000GLQALG,1
00947.jpg,B000G71HYA,1
00947.jpg,B000GLQALG,1
00947.jpg,B00BNT8GXK,1
00948.jpg,B00BNT8GXK,1
00948.jpg,B00CP6WLHW,1
00949.jpg,0133486877,1
00949.jpg,0307406199,1
00949.jpg,0312564945,1
00949.jpg,0385522045,1
00949.jpg,0448190834,1
00949.jpg,0756698472,1
00949.jpg,1416915400,1
00949.jpg,157224058X,1
00949.jpg,B0055O1ZF0,1
00950.jpg,0133486877,1
00950.jpg,0307406199,1
00950.jpg,0312564945,1
00950.jpg,0373659679,1
00950.jpg,0373719655,1
00950.jpg,0385522045,1
00950.jpg,0448190834,1
00950.jpg,0756698472,1
00950.jpg,1416915400,1
00950.jpg,157224058X,1
00950.jpg,B0055O1ZF0,1
00951.jpg,B005G2RY6U,2
00951.jpg,B00A6TKLRC,1
00952.jpg,B005G2RY6U,1
00952.jpg,B00A6TKLRC,1
00953.jpg,B000OONS0G,1
00953.jpg,B00313O6H6,1
00953.jpg,B00DM8JXLO,1
00953.jpg,B00KTFGIKM,1
00954.jpg,B000OONS0G,1
00954.jpg,B00313O6H6,1
00954.jpg,B00KTFGIKM,1
00955.jpg,B004LB4RN0,1
00955.jpg,B00OS5TB26,4
00955.jpg,B018364A30,1
00956.jpg,B002LUTRCY,2
00956.jpg,B00EMKKHRK,9
00956.jpg,B00OTBXSWI,1
00956.jpg,B00OTBY6Y2,1
00957.jpg,B002LUTRCY,1
00957.jpg,B00EMKKHRK,9
00957.jpg,B00OTBXSWI,1
00957.jpg,B00OTBY6Y2,1
00958.jpg,B00WTHLR18,1
00958.jpg,B019I9Y5TK,1
00958.jpg,B019YUYG10,1
00958.jpg,B01FVSMAJE,1
00959.jpg,B000MW5SCQ,1
00959.jpg,B00BFVF120,1
00960.jpg,B00BFVF120,1
00961.jpg,6041026522,1
00961.jpg,B003EY60LC,1
00961.jpg,B00LF34Y0I,1
00961.jpg,B016VX5JI2,1
00962.jpg,B003EY60LC,1
00962.jpg,B00LF34Y0I,1
00962.jpg,B016VX5JI2,1
00963.jpg,B00103XN8M,2
00963.jpg,B00EPD6UFM,1
00964.jpg,1465049487,1
00964.jpg,B00R1QSDT6,3
00964.jpg,B01ARGC0QI,3
00965.jpg,1465049487,1
00965.jpg,B00R1QSDT6,3
00966.jpg,B000CQJ0DK,3
00966.jpg,B00KDQXI8W,1
00966.jpg,B01B7OZN0O,1
00966.jpg,B01BX98V84,2
00967.jpg,B000CQJ0DK,3
00967.jpg,B00KDQXI8W,1
00967.jpg,B01BX98V84,2
00968.jpg,B0138L3DJ2,3
00969.jpg,B009T45X78,3
00969.jpg,B00FEPLC0S,2
00970.jpg,B009T45X78,2
00970.jpg,B00FEPLC0S,2
00971.jpg,B000A6Z9B4,2
00971.jpg,B00EPD6UFM,1
00971.jpg,B00N2RBP02,1
00971.jpg,B00QW06UQU,1
00972.jpg,B000A6Z9B4,2
00972.jpg,B00EPD6UFM,1
00972.jpg,B00QW06UQU,1
00973.jpg,B000A6Z9B4,1
00973.jpg,B00EPD6UFM,1
00973.jpg,B00QW06UQU,1
00974.jpg,B0168895GC,2
00974.jpg,B01CN8SOOA,1
00975.jpg,B00L08O2GY,1
00975.jpg,B010GXASWA,1
00975.jpg,B0168895GC,2
00975.jpg,B01CN8SOOA,1
00976.jpg,B00VH8IHT0,1
00977.jpg,B008H430NU,1
00977.jpg,B00VH8IHT0,1
00978.jpg,B0084DZ776,1
00978.jpg,B00FOXXV2M,1
00978.jpg,B00LAETBOQ,4
00978.jpg,B00UY34Z5Y,1
00979.jpg,B0084DZ776,1
00979.jpg,B00FOXXV2M,1
00979.jpg,B00LAETBOQ,4
00980.jpg,B0084DZ776,1
00980.jpg,B00FOXXV2M,1
00980.jpg,B00LAETBOQ,4
00980.jpg,B00ZQ4PFX2,1
00981.jpg,B00OCCHJV0,1
00982.jpg,B00OCCHJV0,1
00982.jpg,B011PZ9ZMC,2
00983.jpg,B000ELY470,1
00983.jpg,B002QCPQ0E,1
00983.jpg,B00DE8R1YI,7
00983.jpg,B01DK4DAKE,2
00984.jpg,B000ELY470,1
00984.jpg,B00DE8R1YI,7
00984.jpg,B01DK4DAKE,2
00985.jpg,B000ELY470,1
00985.jpg,B00DE8R1YI,7
00985.jpg,B01DK4DAKE,1
00986.jpg,B0002YFCWU,1
00986.jpg,B00NJNJCI6,1
00986.jpg,B00P4JKQGK,1
00986.jpg,B00ZG7DF6S,1
00986.jpg,B01CAFJKY4,3
00987.jpg,B0002YFCWU,1
00987.jpg,B000L7EGMA,1
00987.jpg,B00ZG7DF6S,1
00987.jpg,B01CAFJKY4,3
00988.jpg,B00JI9DYFC,2
00989.jpg,B00JI9DYFC,1
00990.jpg,B00O8B7CFS,1
00991.jpg,B004LLGBQG,3
00991.jpg,B00O8B7CFS,1
00992.jpg,B0017O3EU6,1
00992.jpg,B008DBRDH6,2
00992.jpg,B00SSOBA68,1
00992.jpg,B01E9VUDU2,1
00993.jpg,B0007TYPYQ,1
00993.jpg,B001USON9U,1
00993.jpg,B016NJLK5A,1
00993.jpg,B0175GQGTU,1
00993.jpg,B01EAIDESC,13
00994.jpg,B0007TYPYQ,1
00994.jpg,B016NJLK5A,1
00994.jpg,B0175GQGTU,1
00994.jpg,B01EAIDESC,13
00995.jpg,B001SWQU44,1
00995.jpg,B0034LMRL2,1
00995.jpg,B019GFMNB8,1
00995.jpg,B01CFTAFSK,1
00995.jpg,B01DH2K5SO,1
00996.jpg,B001FXU9IO,3
00996.jpg,B017JR5UOM,2
00997.jpg,B001FXU9IO,1
00997.jpg,B017JR5UOM,2
00998.jpg,0393246876,4
00998.jpg,039392212X,1
00998.jpg,B003P9XGHW,1
00998.jpg,B00ZQ4JQAA,3
00999.jpg,0393246876,4
00999.jpg,039392212X,1
00999.jpg,B003P9XGHW,1
00999.jpg,B00766U4Z2,1
